Day #,Wall Street Crash,73-74 Market Crash,Black Monday,Dot Com Bubble,Financial Crisis,Corona Virus
Day -99,25.05,110.69,300.93,1296.71,1512.75,3005.7
Day -98,24.83,110.86,296.13,1342.44,1522.75,3006.73
Day -97,24.63,111.05,289.2,1362.93,1525.1,3006.79
Day -96,24.78,111.95,291.7,1354.12,1524.12,2992.07
Day -95,25.06,112.55,292.38,1347.74,1522.28,2991.78
Day -94,25.15,112.06,293.63,1354.93,1507.51,2966.6
Day -93,25,111.66,300.41,1362.64,1515.73,2984.87
Day -92,25.06,111.34,301.95,1370.23,1518.11,2977.62
Day -91,25.32,111.76,296.69,1377.01,1530.23,2961.79
Day -90,25.43,111.72,297.26,1365.28,1530.62,2976.74
Day -89,25.41,112.41,292.86,1373.46,1536.34,2940.25
Day -88,25.7,112.26,292.49,1381.46,1539.18,2887.61
Day -87,25.85,111.02,285.62,1396.06,1530.95,2910.63
Day -86,25.75,110.67,279.16,1394.39,1517.38,2952.01
Day -85,25.63,110.23,284.44,1420.07,1490.72,2938.79
Day -84,25.58,110.41,286.91,1410.71,1507.67,2893.06
Day -83,25.53,110.57,286.09,1424.94,1509.12,2919.4
Day -82,25.94,111.09,293.07,1422,1493,2938.13
Day -81,25.99,111.51,287.19,1420.94,1515.67,2970.27
Day -80,26.11,111.23,286.82,1404.64,1522.97,2966.15
Day -79,26.37,110.55,281.52,1417.08,1532.91,2995.68
Day -78,26.32,110.29,281.83,1416.62,1531.05,2989.69
Day -77,26.07,110.15,282.51,1407.83,1533.7,2997.95
Day -76,26.18,109.51,284.57,1388.91,1512.84,2986.2
Day -75,26.02,108.47,288.36,1397.72,1522.19,3006.72
Day -74,26.34,108.9,288.03,1409.04,1502.56,2995.99
Day -73,25.64,108.93,289.36,1433.3,1497.74,3004.52
Day -72,25.95,108.81,295.34,1423.33,1492.89,3010.29
Day -71,25.84,108.61,295.47,1409.17,1506.34,3022.55
Day -70,25.97,108.55,294.71,1403.88,1505.71,3039.42
Day -69,26.09,108.6,293.37,1408.11,1503.35,3036.89
Day -68,25.39,108.43,291.57,1417.04,1519.43,3046.77
Day -67,25.7,108.52,293.3,1415.22,1524.87,3037.56
Day -66,24.76,108.05,293.98,1403.17,1525.4,3066.91
Day -65,25.31,108.12,294.24,1413.33,1530.44,3078.27
Day -64,25.12,109.66,287.43,1418.78,1531.85,3074.62
Day -63,24.2,110.35,286.65,1421.03,1510.12,3076.78
Day -62,24.59,110.55,279.62,1418.09,1518.76,3085.18
Day -61,24.62,110.16,278.21,1433.43,1547.7,3093.08
Day -60,24.83,110.3,280.17,1436.13,1552.5,3087.01
Day -59,25.27,110.09,282.16,1458.34,1549.52,3091.84
Day -58,25.64,108.89,289.11,1457.1,1549.37,3094.04
Day -57,25.59,109.62,288.73,1457.66,1546.17,3096.63
Day -56,25.64,109.9,290.76,1463.46,1553.08,3120.46
Day -55,25.53,109.99,290.1,1464.47,1534.1,3122.03
Day -54,25.27,109.5,289.83,1469.25,1541.57,3120.18
Day -53,25.43,108.6,288.46,1455.22,1511.04,3108.46
Day -52,25.45,107.92,293.47,1399.42,1518.09,3103.54
Day -51,25.84,106.77,295.09,1402.11,1482.66,3110.29
Day -50,25.93,107.5,293.45,1403.45,1458.95,3133.64
Day -49,26.41,108.19,296.72,1441.47,1473.91,3140.52
Day -48,26.42,108.05,297.28,1457.6,1455.27,3153.63
Day -47,26.32,109.24,297.47,1438.56,1465.81,3140.98
Day -46,26.47,110.35,298.73,1432.25,1472.2,3113.87
Day -45,26.62,110.81,301.62,1449.68,1433.06,3093.2
Day -44,26.62,110.72,303.14,1465.15,1467.67,3112.76
Day -43,26.9,110.99,304.76,1455.14,1476.71,3117.43
Day -42,27.06,110.62,304.81,1455.9,1497.49,3145.91
Day -41,27.11,110.59,305.69,1445.57,1453.09,3135.96
Day -40,27.41,111.58,306.97,1441.36,1453.64,3132.52
Day -39,27.77,112.67,309.65,1401.53,1452.92,3141.63
Day -38,28.06,113.23,308.43,1410.03,1426.54,3168.57
Day -37,28.18,114.22,306.86,1404.09,1406.7,3168.8
Day -36,28.32,113.98,308.96,1398.56,1411.27,3191.45
Day -35,28.37,113.35,307.16,1360.16,1445.94,3192.52
Day -34,28.28,113.5,307.9,1394.46,1445.55,3191.14
Day -33,28.2,113.73,304,1409.28,1447.12,3205.37
Day -32,28.26,113.9,302.94,1409.12,1464.07,3221.22
Day -31,28.57,114.95,305.63,1424.97,1462.5,3224.01
Day -30,28.45,114.5,304.92,1424.37,1479.37,3223.38
Day -29,28.65,115.13,307.4,1424.24,1466.79,3239.91
Day -28,28.72,115.49,308.29,1441.72,1432.36,3240.02
Day -27,28.66,115.53,307.52,1411.71,1463.76,3221.29
Day -26,28.76,116.21,308.37,1416.83,1457.64,3230.78
Day -25,28.43,116.9,307.63,1387.12,1473.99,3257.85
Day -24,28.83,117.27,310.68,1389.94,1489.42,3234.85
Day -23,28.64,116.72,310.42,1402.05,1472.29,3246.28
Day -22,28.77,116.47,312.7,1387.67,1478.55,3237.18
Day -21,28.66,116.52,314.59,1388.26,1453.55,3253.05
Day -20,28.18,116.67,311.39,1346.09,1451.7,3274.7
Day -19,28.5,117.38,308.55,1352.17,1471.49,3265.35
Day -18,28.88,117.77,308.47,1360.69,1471.56,3288.13
Day -17,29.08,117.58,307.81,1353.43,1483.95,3283.15
Day -16,29.56,118.01,309.27,1333.36,1484.25,3289.29
Day -15,29.54,118.6,310.65,1348.05,1476.65,3316.81
Day -14,29.43,118.86,312.33,1366.42,1519.78,3329.62
Day -13,29.13,119.12,315.65,1379.19,1529.03,3320.79
Day -12,29.47,118.66,318.05,1381.76,1518.75,3321.75
Day -11,28.38,118.56,318.66,1409.17,1525.75,3325.54
Day -10,29.27,118.24,317.57,1391.28,1517.73,3295.47
Day -9,29.53,118.26,316.23,1355.62,1517.21,3243.63
Day -8,29.62,116.9,318.45,1366.7,1525.42,3276.24
Day -7,29.67,116.34,322.09,1401.69,1531.38,3273.4
Day -6,30.22,115.95,323,1395.07,1526.75,3283.66
Day -5,30.5,115.11,328,1383.62,1547.04,3225.52
Day -4,30.68,115.83,333.33,1359.15,1546.63,3248.92
Day -3,30.55,116.3,332.39,1392.14,1539.59,3297.59
Day -2,30.79,116.93,334.65,1458.47,1542.84,3334.69
Day -1,31.09,118.05,333.99,1464.47,1557.59,3345.78
Day 0,31.07,119.1,334.11,1456.63,1552.58,3327.71
Day 1,31.05,119.57,329.25,1493.87,1565.15,3352.09
Day 2,30.99,119.4,329.83,1500.64,1562.47,3357.75
Day 3,31.29,119.87,334.84,1527.35,1554.41,3379.45
Day 4,31.71,119.85,335.9,1527.46,1561.8,3373.94
Day 5,31.82,119.73,333.33,1523.86,1548.71,3380.16
Day 6,31.72,119.43,336.77,1507.73,1538.53,3370.29
Day 7,31.02,120.24,334.57,1508.52,1541.24,3386.15
Day 8,31.83,119.3,331.38,1487.92,1540.08,3373.23
Day 9,31.67,118.44,327.04,1498.58,1500.63,3337.75
Day 10,31.1,118.14,329.8,1505.97,1506.33,3225.89
Day 11,31.53,118.68,323.4,1494.73,1519.59,3128.21
Day 12,31.17,118.85,321.68,1487.37,1515.88,3116.39
Day 13,31.38,118.78,320.21,1501.34,1514.4,2978.76
Day 14,31.86,118.21,316.7,1516.35,1535.28,2954.22
Day 15,31.6,118.22,313.56,1504.46,1540.98,3090.23
Day 16,31.68,116.73,313.92,1500.59,1531.02,3003.37
Day 17,31.73,116.45,317.13,1467.17,1549.38,3130.12
Day 18,31.39,116.01,321.98,1440.51,1508.44,3023.94
Day 19,31.38,115.83,323.08,1356.56,1509.65,2972.37
Day 20,30.8,116.03,317.74,1401.44,1502.17,2746.56
Day 21,30.85,114.76,314.86,1441.61,1520.27,2882.23
Day 22,31.13,114.35,314.93,1427.47,1475.62,2741.38
Day 23,30.27,114.23,314.86,1434.54,1474.77,2480.64
Day 24,30.16,114.45,310.54,1429.86,1453.7,2711.02
Day 25,29.98,113.66,319.5,1477.44,1439.18,2386.13
Day 26,30.2,113.16,321.19,1460.99,1481.05,2529.19
Day 27,28.95,114.68,319.72,1464.92,1470.58,2398.1
Day 28,28.65,116.06,320.16,1452.43,1451.15,2409.39
Day 29,30.44,116.78,323.2,1468.25,1458.74,2304.92
Day 30,30.34,115.1,321.69,1446.29,1433.27,2237.4
Day 31,30.27,114.45,321.83,1415.1,1439.7,2447.33
Day 32,30.81,114.98,327.33,1409.57,1416.77,2475.56
Day 33,30.76,115.4,328.07,1432.63,1440.7,2630.07
Day 34,30.55,114.69,328.08,1424.17,1407.22,2541.47
Day 35,30.3,114.44,319.22,1412.14,1428.23,
Day 36,29.24,113.16,318.54,1383.05,1469.02,
Day 37,29.69,112.19,314.16,1407.81,1469.72,
Day 38,28.84,110.9,311.07,1420.96,1481.14,
Day 39,27.73,111.68,309.39,1452.36,1472.42,
Day 40,28.27,111.05,314.52,1466.04,1462.79,
Day 41,26.6,112.28,305.23,1447.8,1485.01,
Day 42,25.75,112.68,298.08,1437.21,1507.34,
Day 43,26.12,114.1,282.7,1406.95,1504.66,
Day 44,22.74,114.45,224.84,1400.72,1515.96,
Day 45,20.43,114.23,236.83,1373.86,1477.65,
Day 46,22.99,113.79,258.38,1399.05,1486.59,
Day 47,24.15,113.86,248.25,1381.52,1488.41,
Day 48,22.88,114.48,248.22,1378.02,1467.95,
Day 49,20.61,114.98,227.67,1422.45,1445.9,
Day 50,21.37,114.12,233.19,1420.6,1454.98,
Day 51,21.18,113.54,233.28,1448.81,1453,
Day 52,19.86,112.17,244.77,1477.26,1460.12,
Day 53,18.73,111.95,251.79,1467.63,1484.46,
Day 54,17.66,110.49,255.75,1457.84,1496.45,
Day 55,19.24,108.84,250.82,1471.36,1497.66,
Day 56,20.3,108.88,248.96,1461.67,1476.27,
Day 57,20.09,109.84,254.48,1456.95,1478.49,
Day 58,20.7,111.56,250.41,1446,1468.36,
Day 59,21.27,111.62,243.17,1469.44,1447.16,
Day 60,21.61,112.71,239,1470.54,1447.16,
Day 61,21.53,111.52,241.9,1478.73,1411.63,
Day 62,21.28,110.18,248.52,1464.46,1416.18,
Day 63,20.66,109.24,245.64,1486,1390.19,
Day 64,20.92,108.77,246.76,1475.95,1409.13,
Day 65,20.95,108.52,243.04,1479.13,1420.33,
Day 66,21.65,109.28,245.55,1452.18,1401.02,
Day 67,22.05,110.86,240.05,1441.48,1416.25,
Day 68,21.87,112.21,242,1455.31,1380.95,
Day 69,22.45,112.68,242.99,1450.55,1373.2,
Day 70,22.4,112.58,246.39,1454.82,1333.25,
Day 71,22.57,112.08,244.1,1442.39,1325.19,
Day 72,22.38,111.44,240.34,1454.6,1310.5,
Day 73,21.17,110.94,230.3,1469.54,1338.6,
Day 74,21.7,111.54,232,1446.23,1352.07,
Day 75,21.33,112.17,233.45,1456.67,1330.61,
Day 76,21.56,111.57,225.21,1478.9,1353.96,
Day 77,21.42,109.99,223.92,1475.62,1362.3,
Day 78,20.85,108.34,228.76,1480.88,1355.81,
Day 79,20.16,108.89,234.91,1492.92,1378.55,
Day 80,20.26,107.23,238.89,1495.84,1395.42,
Day 81,20.39,106.97,233.57,1509.98,1380.82,
Day 82,20.84,107.1,235.32,1510.49,1336.64,
Day 83,20.82,108.43,242.19,1493.74,1326.45,
Day 84,20.89,110.22,242.81,1481.96,1336.91,
Day 85,21.45,111,248.08,1495.57,1331.29,
Day 86,21.18,110.53,242.98,1480.19,1339.13,
Day 87,21.23,111.25,249.16,1464.29,1348.86,
Day 88,21.5,110.44,249.54,1474.47,1367.21,
Day 89,21.31,109.54,249.95,1452.42,1348.86,
Day 90,21.29,108.17,253.16,1449.62,1349.99,
Day 91,21.62,105.9,252.03,1419.89,1348.78,
Day 92,21.55,106.57,245.57,1430.83,1360.03,
Day 93,21.52,106.43,244.59,1438.1,1342.53,
Day 94,21.56,105.56,247.86,1438.7,1353.11,
Day 95,21.65,103.86,247.08,1452.56,1371.8,
Day 96,21.5,102.73,255.94,1462.93,1381.29,
Day 97,21.31,103.58,258.63,1479.32,1380.02,
Day 98,21.5,104.07,258.89,1482.8,1367.68,
Day 99,21.61,107.14,261.07,1472.87,1330.63,
Day 100,21.63,107.94,243.4,1460.25,1331.34,
Day 101,21.84,107.51,247.49,1471.84,1326.75,
Day 102,22.04,105.91,245.42,1491.56,1333.7,
Day 103,22.21,104.95,245.81,1484.43,1304.34,
Day 104,22.1,103.93,245.88,1479.85,1293.37,
Day 105,22.35,102.97,252.05,1496.07,1273.37,
Day 106,22.47,104.62,251.88,1491.72,1320.65,
Day 107,22.79,104.31,249.32,1499.48,1308.77,
Day 108,22.74,105.84,242.63,1498.13,1315.48,
Day 109,23.01,107.03,243.14,1505.97,1288.14,
Day 110,23.31,106.7,246.5,1508.31,1276.6,
Day 111,23.06,108.29,252.17,1506.45,1330.74,
Day 112,22.97,107.6,249.57,1514.09,1298.42,
Day 113,23.12,106.4,249.38,1509.84,1329.51,
Day 114,23.32,105.1,253.29,1502.59,1349.88,
Day 115,23.36,103.6,257.07,1517.68,1352.99,
Day 116,23.35,103.99,255.04,1520.77,1341.13,
Day 117,23.26,104.44,255.57,1507.08,1325.76,
Day 118,23.28,103.21,252.21,1492.25,1315.22,
Day 119,23.07,103.7,252.21,1502.51,1322.7,
Day 120,22.64,102.25,250.96,1494.5,1370.18,
Day 121,22.92,103.3,249.1,1489.26,1367.53,
Day 122,22.68,103.62,251.72,1481.99,1369.31,
Day 123,22.89,104.69,256.66,1484.91,1370.4,
Day 124,23.11,104.26,255.95,1480.87,1372.54,
Day 125,23.08,102.9,257.63,1465.81,1365.54,
Day 126,23.28,101.87,259.83,1444.51,1354.49,
Day 127,23.36,101.78,259.21,1459.9,1360.55,
Day 128,23.54,101.28,257.91,1451.34,1332.83,
Day 129,23.36,102.14,261.61,1449.05,1328.32,
Day 130,23.59,103.52,265.64,1448.72,1334.43,
Day 131,23.59,105.8,265.02,1439.03,1364.71,
Day 132,23.67,105.5,264.43,1427.21,1365.56,
Day 133,23.72,104.09,261.58,1426.57,1390.33,
Day 134,23.46,105.67,262.46,1458.29,1388.17,
Day 135,23.6,105.72,267.82,1436.51,1375.94,
Day 136,23.45,106.35,267.22,1436.23,1379.93,
Day 137,23.67,106.55,267.98,1426.46,1388.82,
Day 138,23.9,107.14,267.88,1434.32,1397.84,
Day 139,24.03,107.52,267.3,1436.28,1396.37,
Day 140,24.14,108.14,267.38,1408.99,1390.94,
Day 141,24.29,109.64,269.43,1402.03,1385.59,
Day 142,24.28,109.85,269.06,1387.02,1409.34,
Day 143,24.25,109.59,263.84,1364.59,1413.9,
Day 144,24.62,109.25,264.94,1329.78,1407.49,
Day 145,24.57,108.22,266.37,1374.17,1418.26,
Day 146,24.85,106.83,266.13,1374.62,1392.57,
Day 147,24.15,106.67,268.65,1349.97,1397.68,
Day 148,25.37,106.49,271.22,1342.13,1388.28,
Day 149,25.11,106.73,271.12,1388.76,1403.58,
Day 150,25.16,106.55,268.74,1396.93,1403.04,
Day 151,25.54,105.55,268.84,1395.78,1408.66,
Day 152,25.6,105.61,268.91,1398.13,1423.57,
Day 153,25.46,104.77,263.35,1364.9,1425.35,
Day 154,25.87,103.71,258.51,1364.44,1426.63,
Day 155,25.92,102.71,258.06,1379.58,1413.4,
Day 156,25.84,103.01,260.07,1398.66,1390.71,
Day 157,25.73,102.29,258.07,1429.4,1394.35,
Day 158,25.74,102.31,258.89,1421.22,1375.93,
Day 159,25.56,101.61,256.09,1428.32,1385.35,
Day 160,25.75,100.89,258.51,1426.69,1390.84,
Day 161,25.29,100.53,265.49,1432.19,1398.26,
Day 162,25.5,101.91,266.16,1431.87,1400.38,
Day 163,25.55,101.62,269.43,1409.28,1385.67,
Day 164,25.35,102.42,270.16,1400.14,1377.65,
Day 165,25.32,103.02,271.37,1365.98,1377.2,
Day 166,24.76,104.03,271.58,1351.26,1404.05,
Day 167,24.73,103.88,259.75,1382.95,1360.68,
Day 168,24.9,104.25,259.77,1389.81,1361.76,
Day 169,24.3,104.51,259.21,1372.32,1358.44,
Day 170,23.57,104.64,257.92,1367.72,1335.49,
Day 171,22.98,105.15,256.13,1342.62,1339.87,
Day 172,23.76,104.76,256.42,1347.35,1360.03,
Day 173,23.31,103.85,260.14,1322.36,1360.14,
Day 174,23.4,103.22,262.51,1341.77,1350.93,
Day 175,23.69,103.06,263.93,1348.97,1337.81,
Day 176,24.09,103.36,263.8,1336.09,1342.83,
Day 177,24.42,104.44,262.61,1341.93,1317.93,
Day 178,24.57,104.15,261.33,1314.95,1318,
Day 179,24.17,103.77,261.56,1315.23,1314.29,
Day 180,24.28,105.88,263,1324.97,1321.97,
Day 181,23.75,106.76,260.32,1376.54,1283.15,
Day 182,23.86,107.2,258.79,1351.46,1278.38,
Day 183,23.74,107.36,257.48,1343.55,1280,
Day 184,23.79,108.05,256.54,1369.89,1284.91,
Day 185,24.03,108.83,257.62,1380.2,1261.52,
Day 186,24.23,109.08,253.31,1371.18,1262.9,
Day 187,24.24,108.43,253.85,1359.99,1252.31,
Day 188,24.38,108.21,256.78,1340.93,1273.7,
Day 189,24.49,108.79,258.71,1312.15,1244.69,
Day 190,24.4,108.78,255.39,1322.74,1253.39,
Day 191,24.18,108.41,251.35,1305.6,1239.49,
Day 192,24.29,109.85,252.57,1264.74,1228.3,
Day 193,23.91,110.23,253.02,1274.86,1214.91,
Day 194,23.52,110.13,250.83,1305.95,1245.36,
Day 195,22.38,109.22,253.51,1315.19,1260.32,
Day 196,23.01,111.09,253.76,1328.92,1260.68,
Day 197,22.2,111.44,254.63,1334.22,1260,
Day 198,22.13,110.05,253.42,1320.28,1277,
Day 199,22.26,110.19,262.16,1283.27,1282.19,
Day 200,20.56,109.97,266.69,1347.56,1252.54,
Day 201,20.58,110.01,265.33,1333.34,1257.76,
Day 202,19.86,110.22,266.45,1298.35,1234.37,
Day 203,20.79,109.16,267.05,1295.86,1263.2,
Day 204,20.25,109.75,265.17,1300.8,1284.26,
Day 205,20.09,110.27,271.52,1313.27,1267.38,
Day 206,19.39,110.5,270.2,1326.82,1260.31,
Day 207,19.54,111.38,271.26,1318.55,1249.01,
Day 208,20,111.15,271.43,1326.65,1284.88,
Day 209,19.81,109.33,274.3,1329.47,1289.19,
Day 210,20.46,108.29,274.45,1347.97,1266.07,
Day 211,20.24,107.69,269.77,1342.54,1296.32,
Day 212,20.46,107.07,270.68,1342.9,1305.32,
Day 213,20.25,105.52,268.94,1360.4,1289.59,
Day 214,19.83,104.96,271.67,1364.3,1285.83,
Day 215,19.97,105.8,275.66,1357.51,1292.93,
Day 216,20.26,107.02,274.82,1354.95,1298.2,
Day 217,20.77,105.3,273.78,1364.17,1278.6,
Day 218,20.55,104.44,269.06,1373.73,1266.69,
Day 219,21.36,104.36,272.31,1366.01,1274.54,
Day 220,21.32,102.45,270.98,1373.47,1277.72,
Day 221,21.48,102.43,273.5,1349.47,1292.2,
Day 222,21.58,103.88,271.78,1354.31,1266.84,
Day 223,21.77,100.71,275.81,1352.26,1271.51,
Day 224,20.94,98.66,272.02,1340.89,1281.66,
Day 225,21.32,99.76,271.78,1332.53,1300.68,
Day 226,21.66,99.44,270.02,1314.76,1282.83,
Day 227,21.38,96.58,270.55,1330.31,1277.58,
Day 228,21.5,95.7,267.85,1318.8,1274.98,
Day 229,21.82,97.65,269.32,1315.92,1236.83,
Day 230,21.65,97.31,270.26,1326.61,1242.31,
Day 231,21.08,95.96,272.05,1301.53,1267.79,
Day 232,21.21,93.9,270.51,1278.94,1224.51,
Day 233,21.11,93.59,268.47,1255.27,1232.04,
Day 234,21.52,92.16,270,1252.82,1249.05,
Day 235,21.52,94.42,266.66,1245.86,1251.7,
Day 236,21.18,96.51,263.5,1267.65,1192.7,
Day 237,21.06,97.95,264.68,1257.94,1213.6,
Day 238,20.27,96.04,265.19,1239.94,1156.39,
Day 239,20.4,93.57,262.5,1241.23,1206.51,
Day 240,19.88,92.38,266.02,1234.18,1255.08,
Day 241,20.15,93.29,272.02,1241.41,1207.09,
Day 242,20.16,92.75,272.21,1253.8,1188.22,
Day 243,20.7,94.74,272.06,1261.89,1185.87,
Day 244,20.54,94.82,272.98,1264.74,1209.18,
Day 245,20.74,94.55,271.93,1233.42,1213.27,
Day 246,20.85,93.54,271.15,1180.16,1106.42,
Day 247,20.64,92.9,269.98,1197.66,1166.36,
Day 248,20.79,95.74,266.49,1166.71,1161.06,
Day 249,20.68,97.74,261.9,1173.56,1114.28,
Day 250,20.98,97.54,262.75,1150.53,1099.23,
Day 251,21.14,97.55,262.55,1170.81,1056.89,
Day 252,21.13,97.68,258.69,1142.62,996.23,
Day 253,21.37,99.8,260.56,1122.14,984.94,
Day 254,21.38,98.9,260.77,1117.58,909.92,
Day 255,21.17,98.07,261.03,1139.83,899.22,
Day 256,21.02,96.12,260.24,1152.69,1003.35,
Day 257,21.34,93.42,256.98,1182.17,998.01,
Day 258,21.63,92.39,257.09,1153.29,907.84,
Day 259,21.76,93.66,261.13,1147.95,946.43,
Day 260,21.86,93.42,259.18,1160.33,940.55,
Day 261,21.72,94.23,259.68,1145.87,985.4,
Day 262,21.5,95.67,262.33,1106.46,955.05,
Day 263,21.19,97.3,262.51,1103.25,896.78,
Day 264,21.22,95.56,261.52,1151.44,908.11,
Day 265,21.29,95.4,258.35,1128.43,876.77,
Day 266,21.06,96.55,264.48,1137.59,848.92,
Day 267,20.68,97.07,265.59,1168.38,940.51,
Day 268,20.17,96.82,265.87,1165.89,930.09,
Day 269,20.44,96.63,265.88,1183.5,954.09,
Day 270,20.11,96.09,266.84,1179.68,968.75,
Day 271,19.73,96.01,266.47,1191.81,966.3,
Day 272,19.43,97.06,267.43,1238.16,1005.75,
Day 273,18.88,96.57,269.31,1253.69,952.77,
Day 274,18.59,95.32,268.13,1242.98,904.88,
Day 275,19.42,93.29,270.65,1224.36,930.99,
Day 276,19.18,93,268.82,1209.47,919.21,
Day 277,19.42,93.26,269.73,1228.75,898.95,
Day 278,18.61,93.3,270.16,1234.52,852.3,
Day 279,18.62,92.33,269.18,1253.05,911.29,
Day 280,18.4,90.66,269.76,1249.46,873.29,
Day 281,17.67,90.94,268.88,1266.44,850.75,
Day 282,18.11,90.98,268.26,1267.43,859.12,
Day 283,17.91,90.95,269.08,1248.58,806.58,
Day 284,18.2,92.27,272.59,1266.61,752.44,
Day 285,17.88,92.12,271.91,1263.51,800.03,
Day 286,17.16,93.44,271.38,1261.2,851.81,
Day 287,17.57,94.71,270.62,1255.54,857.39,
Day 288,17.05,95.39,271.86,1255.18,887.68,
Day 289,16.9,95.03,272.39,1245.67,896.24,
Day 290,17.14,96,278.07,1248.92,816.21,
Day 291,17.74,96.4,278.24,1249.44,848.81,
Day 292,17.78,96.22,277.93,1284.99,870.74,
Day 293,17.86,95.53,273.98,1288.49,845.22,
Day 294,17.55,95.53,275.22,1291.96,876.07,
Day 295,17.34,97.32,275.5,1312.83,909.7,
Day 296,16.94,97.98,276.41,1309.38,888.67,
Day 297,17.13,96.94,279.38,1289.05,899.24,
Day 298,16.62,97.78,276.97,1293.17,873.59,
Day 299,16.65,98.88,282.88,1277.89,879.73,
Day 300,16.09,99.15,283.66,1267.93,868.57,
Day 301,15.54,99.74,282.28,1248.08,913.18,
Day 302,15.79,99.65,282.38,1255.82,904.42,
Day 303,16.14,99.28,281.38,1260.67,885.28,
Day 304,16.56,98.05,277.28,1267.11,887.88,
Day 305,16.89,97.23,278.53,1283.57,871.63,
Day 306,16.48,97.57,278.97,1270.03,863.16,
Day 307,16.66,97.34,279.06,1276.96,868.15,
Day 308,17.01,97.27,279.06,1264.96,872.8,
Day 309,16.94,97.64,279.2,1254.39,869.42,
Day 310,17.2,97.95,276.31,1255.85,890.64,
Day 311,17.05,96.59,273.93,1241.6,903.25,
Day 312,16.85,94.82,275.15,1219.87,931.8,
Day 313,16.61,93.98,273.33,1214.36,927.45,
Day 314,16.38,93.25,273.69,1208.43,934.7,
Day 315,16.8,93.35,267.92,1212.58,906.65,
Day 316,16.96,94.33,267.72,1223.14,909.73,
Day 317,16.67,94.33,268.34,1237.04,890.35,
Day 318,16.42,93.01,263.82,1225.35,870.26,
Day 319,16.43,92.03,264.6,1218.6,871.79,
Day 320,15.97,92.61,266.47,1216.76,842.62,
Day 321,15.98,92.4,266.22,1211.07,843.74,
Day 322,15.73,92.12,267.21,1226.2,850.12,
Day 323,15.55,92.05,269,1224.38,805.22,
Day 324,15.43,93.66,267.23,1236.72,840.24,
Day 325,14.94,94.36,268.64,1234.45,827.5,
Day 326,14.44,94.78,270.91,1219.24,831.95,
Day 327,15.11,93.75,273.7,1190.59,836.57,
Day 328,15.22,93.38,272.49,1198.78,845.71,
Day 329,15.39,91.81,271.81,1181.52,874.09,
Day 330,14.88,90.3,274.93,1180.18,845.14,
Day 331,14.96,89.57,277.59,1208.14,825.88,
Day 332,15.16,90.18,278.13,1215.68,825.44,
Day 333,14.85,90,276.59,1202.45,838.51,
Day 334,14.72,90.31,277.03,1214.44,832.23,
Day 335,15.06,92.22,276.52,1207.71,845.85,
Day 336,15.34,92.09,276.31,1215.02,868.6,
Day 337,15.85,91.29,275.31,1210.85,869.89,
Day 338,15.93,91.12,274.28,1191.03,827.16,
Day 339,16.13,91.46,276.29,1171.65,833.74,
Day 340,15.09,91.64,278.91,1190.49,835.19,
Day 341,16.23,92.96,277.47,1202.93,826.84,
Day 342,16.07,91.47,277.38,1205.82,789.17,
Day 343,15.84,90.66,276.87,1204.52,788.42,
Day 344,15.65,90.69,277.87,1211.23,778.94,
Day 345,15.83,90.45,276.83,1215.93,770.05,
Day 346,15.46,89.72,277.08,1220.75,743.33,
Day 347,15.65,88.21,279.4,1214.35,773.14,
Day 348,15.46,87.86,277.72,1200.48,764.9,
Day 349,15.78,87.91,275.31,1204.4,752.83,
Day 350,15.78,87.09,279.43,1183.53,735.09,
Day 351,16.07,87.29,280.01,1183.43,700.82,
Day 352,16.42,88.58,280.67,1190.16,696.33,
Day 353,16.4,88.37,280.98,1191.29,712.87,
Day 354,16.32,86.89,280.38,1186.73,682.55,
Day 355,16.02,87.43,282.01,1178.02,683.38,
Day 356,16.17,87.28,283.17,1181.66,676.53,
Day 357,16.19,89.1,283.87,1161.97,719.6,
Day 358,16.16,90.14,284.14,1171.41,721.36,
Day 359,16.24,90.31,283.55,1157.26,750.74,
Day 360,16.33,91.96,286.53,1165.31,756.55,
Day 361,16.22,92.55,286.91,1162.09,753.89,
Day 362,16.27,93.1,286.63,1184.93,778.12,
Day 363,16.96,92.28,284.5,1179.21,794.35,
Day 364,17.23,92.06,288.49,1161.51,784.04,
Day 365,17.28,92.34,289.14,1148.56,768.54,
Day 366,17.18,91.3,291.69,1129.03,822.92,
Day 367,17.34,90.04,293.82,1133.58,806.12,
Day 368,17.05,89.45,294.99,1132.94,813.88,
Day 369,17.2,88.84,297.47,1131.74,832.86,
Day 370,17.43,88.21,297.09,1106.4,815.94,
Day 371,17.71,87.46,296.84,1085.78,787.53,
Day 372,18.17,87.69,296.97,1092.54,797.87,
Day 373,17.97,88.98,296.04,1038.77,811.08,
Day 374,18.17,87.61,299.63,1032.74,834.38,
Day 375,18.03,86.31,298.65,1016.1,842.5,
Day 376,17.52,86,296.06,984.54,835.48,
Day 377,17.5,86.02,292.02,965.8,815.55,
Day 378,17.34,84.3,292.54,1003.45,825.16,
Day 379,17.69,84.25,291.81,1012.27,856.56,
Day 380,17.32,83.66,294.24,1007.04,858.73,
Day 381,17.76,81.09,294.81,1018.61,841.5,
Day 382,17.72,81.48,296.76,1040.94,852.06,
Day 383,17.52,79.99,295.98,1038.55,865.3,
Day 384,17.4,79.89,290.91,1051.33,869.6,
Day 385,17.32,83.15,292.05,1072.28,832.39,
Day 386,17.77,83.78,287.13,1069.63,850.08,
Day 387,17.58,82.81,287.82,1071.38,843.55,
Day 388,17.81,83.7,288.86,1062.44,851.92,
Day 389,18.01,83.78,287.11,1056.75,866.23,
Day 390,18.06,83.54,289.95,1080.99,857.51,
Day 391,17.76,83.81,291.18,1097.43,855.16,
Day 392,17.88,84.65,294.81,1091.65,873.64,
Day 393,17.78,84.99,293.87,1089.98,872.81,
Day 394,17.54,83.98,294.08,1097.54,877.52,
Day 395,17.21,82.4,293.93,1077.09,907.24,
Day 396,16.66,80.94,292.88,1068.61,903.8,
Day 397,16.69,80.5,295.32,1073.48,919.53,
Day 398,16.52,79.31,295.14,1089.9,907.39,
Day 399,16.45,78.75,296.67,1084.78,929.23,
Day 400,16.5,78.59,299.44,1085.2,909.24,
Day 401,16.28,79.29,292.69,1100.09,908.35,
Day 402,16.5,80.52,289.92,1104.61,883.92,
Day 403,16.41,82.65,291.33,1078.3,893.07,
Day 404,16.46,81.57,290.49,1059.79,882.88,
Day 405,16.72,80.86,288.98,1059.78,909.71,
Day 406,16.51,79.75,290.57,1084.1,908.13,
Day 407,16.18,78.49,291.59,1087.2,903.47,
Day 408,15.98,76.73,292.35,1102.84,888.33,
Day 409,15.73,76.3,292.52,1118.86,887,
Day 410,15.96,75.67,294.87,1115.8,910.33,
Day 411,15.54,74.57,296.39,1118.54,893.06,
Day 412,15.22,74.95,295.31,1120.31,906.83,
Day 413,15.29,73.51,296.24,1118.33,919.14,
Day 414,15.29,72.8,295.29,1139.09,942.87,
Day 415,14.76,71.55,297.16,1141.21,944.74,
Day 416,14.67,72.16,297.11,1142.24,931.76,
Day 417,14.37,70.94,298.49,1138.65,942.46,
Day 418,15.09,70.76,298.99,1151.06,940.09,
Day 419,14.65,69.99,296.4,1142.66,939.14,
Day 420,15.06,72.15,301.36,1137.03,942.43,
Day 421,14.94,70.52,301.72,1150.34,939.15,
Day 422,15.01,68.69,306.02,1157.42,944.89,
Day 423,14.95,70.87,307.15,1149.5,946.21,
Day 424,15.44,71.42,306.19,1128.52,923.72,
Day 425,15.19,69.72,309.61,1140.2,911.97,
Day 426,15.04,69.24,308.69,1139.45,910.71,
Day 427,14.99,68.55,306.75,1129.9,918.37,
Day 428,14.66,66.71,306.93,1144.8,921.23,
Day 429,14.44,65.2,309.58,1170.35,893.04,
Day 430,13.84,66.26,309.64,1167.1,895.1,
Day 431,13.83,67.38,309.12,1158.31,900.94,
Day 432,13.75,67.72,308.12,1139.93,920.26,
Day 433,13.89,70.09,308.16,1136.76,918.9,
Day 434,13.94,70.14,307.77,1137.07,927.23,
Day 435,13.4,69.42,307.61,1119.38,919.32,
Day 436,13.41,68.02,306,1123.09,923.33,
Day 437,13.26,67.57,305.19,1134.36,896.42,
Day 438,13.31,66.46,305.8,1142.92,898.72,
Day 439,13.02,64.94,306.95,1149.56,881.03,
Day 440,12.4,63.54,313.84,1139.93,879.56,
Day 441,12.2,63.39,316.16,1144.89,882.68,
Day 442,13.12,63.38,315.28,1144.65,879.13,
Day 443,13.55,62.28,317.48,1149.37,901.05,
Day 444,13.4,62.34,317.97,1157.13,905.84,
Day 445,13.56,64.95,321.24,1161.02,932.68,
Day 446,13.34,64.84,321.98,1148.08,940.74,
Day 447,13.7,67.82,318.32,1154.67,940.38,
Day 448,13.73,69.79,319.14,1165.27,951.13,
Day 449,13.75,71.14,319.17,1172.51,954.58,
Day 450,13.63,72.74,321.59,1164.89,954.07,
Day 451,13.66,71.44,319.05,1160.71,976.29,
Day 452,13.51,70.33,320.52,1155.14,979.26,
Day 453,13.27,71.17,321.97,1156.55,982.18,
Day 454,13.22,72.28,325.52,1145.6,979.62,
Day 455,14.61,73.5,322.03,1138.41,975.15,
Day 456,14.41,73.13,324.24,1146.19,986.75,
Day 457,15.09,71.03,326.95,1127.57,987.48,
Day 458,14.99,70.22,326.75,1138.88,1002.63,
Day 459,15.35,70.12,326.69,1127.58,1005.65,
Day 460,15.09,70.09,326.24,1119.31,1002.72,
Day 461,14.83,72.83,323.91,1128.18,997.08,
Day 462,15.07,74.31,323.83,1132.15,1010.48,
Day 463,14.94,73.9,320.08,1133.28,1007.1,
Day 464,15.26,73.88,321.35,1133.06,994.35,
Day 465,15.1,73.08,321.89,1100.64,1005.81,
Day 466,14.51,75.11,321.25,1113.57,1012.73,
Day 467,14.37,74.75,320.48,1130.2,1004.09,
Day 468,14.49,75.21,322.32,1122.2,979.73,
Day 469,14.63,74.91,328,1094.44,989.67,
Day 470,14.23,75.15,326.6,1090.02,996.46,
Day 471,14.09,73.67,,1083.51,1007.37,
Day 472,13.8,73.35,,1080.17,1026.13,
Day 473,14.14,73.06,,1096.22,1025.57,
Day 474,14.27,71.91,,1111.94,1028,
Day 475,14.46,69.27,,1107.5,1028.12,
Day 476,14.62,68.2,,1118.51,1030.98,
Day 477,14.28,67.9,,1116.48,1028.93,
Day 478,14.28,68.18,,1104.18,1020.62,
Day 479,13.97,68.9,,1083.34,998.04,
Day 480,14.03,68.83,,1097.98,994.75,
Day 481,14.18,69.47,,1080.95,1003.24,
Day 482,13.74,69.94,,1089.84,1016.4,
Day 483,13.8,69.97,,1109.43,1025.39,
Day 484,13.73,68.11,,1109.38,1033.37,
Day 485,13.93,67.17,,1109.89,1044.14,
Day 486,13.84,67.41,,1106.73,1042.73,
Day 487,13.64,66.13,,1131.78,1049.34,
Day 488,13.55,65.01,,1153.84,1052.63,
Day 489,13.61,65.6,,1146.14,1068.76,
Day 490,13.55,67.28,,1162.77,1065.49,
Day 491,13.99,67.67,,1157.54,1068.3,
Day 492,13.8,67.45,,1164.31,1064.66,
Day 493,14.02,67.07,,1168.26,1071.66,
Day 494,14.29,66.46,,1165.58,1060.87,
Day 495,14.05,67.58,,1154.09,1050.78,
Day 496,14.1,67.9,,1153.04,1044.38,
Day 497,14.14,67.65,,1166.16,1062.98,
Day 498,14.17,66.91,,1165.55,1060.61,
Day 499,13.86,65.96,,1170.29,1057.08,
Day 500,13.75,66.88,,1151.85,1029.85,
Day 501,13.7,67.44,,1153.59,1025.21,
Day 502,13.93,67.14,,1148.7,1040.46,
Day 503,13.85,67.16,,1131.87,1054.72,
Day 504,13.99,68.56,,1138.49,1057.58,
Day 505,13.86,70.23,,1144.58,1065.48,
Day 506,13.92,70.71,,1147.39,1071.49,
Day 507,13.66,71.07,,1146.54,1076.19,
Day 508,13.35,71.02,,1136.76,1073.19,
Day 509,13.29,70.04,,1125.4,1092.02,
Day 510,12.87,71.17,,1126.34,1096.56,
Day 511,12.76,72.61,,1122.73,1087.68,
Day 512,12.62,72.31,,1125.29,1097.91,
Day 513,12.69,71.68,,1117.8,1091.06,
Day 514,12.1,72.14,,1130.47,1081.4,
Day 515,11.99,72.05,,1103.69,1092.91,
Day 516,11.82,70.96,,1111.01,1079.6,
Day 517,12.04,71.08,,1102.55,1066.95,
Day 518,11.46,70.7,,1128.37,1063.41,
Day 519,10.93,71.74,,1126.07,1042.63,
Day 520,10.8,72.07,,1124.47,1066.11,
Day 521,11.52,72.98,,1125.17,1036.19,
Day 522,10.68,75.37,,1107.83,1042.88,
Day 523,10.92,76.03,,1100.96,1045.41,
Day 524,10.5,77.26,,1093.14,1046.5,
Day 525,10.06,76.21,,1091.48,1066.63,
Day 526,9.71,76.98,,1076.32,1069.3,
Day 527,9.53,77.82,,1065.45,1093.08,
Day 528,9.7,77.61,,1076.92,1093.01,
Day 529,8.82,78.95,,1086.46,1098.51,
Day 530,9.91,78.56,,1084.56,1087.24,
Day 531,9.78,78.63,,1073.43,1093.48,
Day 532,10.62,78.36,,1052.67,1109.3,
Day 533,10.55,78.58,,1049.49,1110.32,
Day 534,10.1,79.92,,1088.85,1109.8,
Day 535,9.87,81.01,,1073.01,1094.9,
Day 536,10.05,81.5,,1054.99,1091.38,
Day 537,10.36,80.93,,1074.56,1106.24,
Day 538,10.49,81.44,,1097.28,1105.65,
Day 539,10.96,82.21,,1091.07,1110.63,
Day 540,10.86,82.62,,1098.23,1091.49,
Day 541,10.5,81.44,,1106.59,1095.63,
Day 542,10.84,79.53,,1091.88,1108.86,
Day 543,10.64,80.37,,1079.88,1109.24,
Day 544,10.41,80.77,,1086.02,1099.92,
Day 545,10.07,81.59,,1097.08,1105.98,
Day 546,10.11,83.03,,1083.82,1103.25,
Day 547,10.43,83.56,,1074.55,1091.94,
Day 548,10.5,83.9,,1067.66,1095.95,
Day 549,10.82,83.69,,1064.66,1102.35,
Day 550,10.78,84.3,,1067.14,1106.41,
Day 551,11.11,84.95,,1040.68,1114.11,
Day 552,11.52,84.36,,1040.69,1107.93,
Day 553,11.28,83.59,,1049.9,1109.18,
Day 554,11.11,83.74,,1029.15,1096.08,
Day 555,11.07,84.76,,1027.53,1102.47,
Day 556,10.72,86.01,,1030.74,1114.05,
Day 557,10.43,85.13,,1013.6,1118.02,
Day 558,10.6,84.34,,1020.26,1120.59,
Day 559,10.21,83.61,,1009.56,1126.48,
Day 560,10.16,83.39,,1007.27,1127.78,
Day 561,9.85,81.42,,1036.17,1126.2,
Day 562,9.7,82.06,,1037.14,1126.42,
Day 563,9.87,83.59,,1019.99,1115.1,
Day 564,9.53,83.85,,1006.29,1132.99,
Day 565,9.31,83.36,,989.14,1136.52,
Day 566,9.5,82.64,,992.72,1137.14,
Day 567,9.38,82.43,,976.14,1141.69,
Day 568,9.05,81.51,,973.53,1144.98,
Day 569,9.22,80.88,,990.64,1146.98,
Day 570,9.02,80.35,,989.82,1136.22,
Day 571,9.29,80.99,,968.65,1145.68,
Day 572,9.02,82.84,,948.09,1148.46,
Day 573,8.78,83.77,,953.99,1136.03,
Day 574,8.58,84.18,,989.03,1150.23,
Day 575,8.31,85.6,,976.98,1138.04,
Day 576,8.01,86.3,,952.83,1116.48,
Day 577,8.12,86.6,,920.47,1091.76,
Day 578,7.93,87.25,,927.37,1096.78,
Day 579,7.72,86.3,,921.39,1092.17,
Day 580,8.36,87.23,,917.93,1097.5,
Day 581,8.15,87.09,,900.94,1084.53,
Day 582,8.29,86.12,,906.04,1073.87,
Day 583,7.95,86.04,,881.56,1089.19,
Day 584,7.96,86.62,,847.75,1103.32,
Day 585,7.76,86.23,,819.85,1097.28,
Day 586,7.96,85.64,,797.7,1063.11,
Day 587,8.1,87.3,,843.43,1066.19,
Day 588,8.12,88.1,,838.68,1056.74,
Day 589,7.56,89.22,,852.84,1070.52,
Day 590,7.55,90.08,,898.96,1068.13,
Day 591,8.08,88.64,,902.78,1078.47,
Day 592,8.22,89.08,,911.62,1075.51,
Day 593,8.57,89.56,,884.66,1094.87,
Day 594,8.48,90.53,,864.24,1099.51,
Day 595,8.39,90.61,,834.6,1106.75,
Day 596,8.8,91.58,,859.57,1109.17,
Day 597,8.9,92.27,,876.77,1108.01,
Day 598,8.92,91.41,,905.46,1094.6,
Day 599,8.51,90.43,,908.64,1105.24,
Day 600,8.48,90.53,,903.8,1102.94,
Day 601,8.63,90.07,,884.21,1104.49,
Day 602,8.58,89.06,,919.62,1115.71,
Day 603,8.21,89.39,,930.25,1118.31,
Day 604,8.2,90.58,,928.77,1118.79,
Day 605,8.31,90.34,,950.7,1122.97,
Day 606,8.15,89.71,,937.43,1138.7,
Day 607,8.03,89.68,,949.36,1138.5,
Day 608,7.94,91.15,,962.7,1140.45,
Day 609,8.23,92.58,,940.86,1145.61,
Day 610,8.05,92.89,,947.95,1150.24,
Day 611,8.09,92.6,,934.82,1149.99,
Day 612,8.04,92.69,,917.87,1150.51,
Day 613,7.78,92.48,,917.8,1159.46,
Day 614,7.62,91.21,,916.07,1166.21,
Day 615,7.53,90.44,,878.02,1165.83,
Day 616,7.5,90.55,,893.4,1159.9,
Day 617,8.12,90.08,,879.15,1165.81,
Day 618,8.5,90.52,,893.92,1174.17,
Day 619,8.84,91.46,,902.96,1167.72,
Day 620,8.48,90.58,,909.58,1165.73,
Day 621,8.71,90.39,,909.45,1166.59,
Day 622,8.72,92.02,,886.91,1173.22,
Day 623,8.22,92.61,,889.81,1173.27,
Day 624,8.43,93.62,,891.1,1169.43,
Day 625,8.35,94.19,,873.52,1178.1,
Day 626,8.34,94.62,,869.46,1187.44,
Day 627,8.29,94.81,,843.32,1189.44,
Day 628,8.35,94.81,,845.39,1182.45,
Day 629,8.71,95.19,,833.7,1186.44,
Day 630,8.71,94.85,,819.29,1194.37,
Day 631,8.72,94.18,,839.66,1196.48,
Day 632,8.82,94.36,,854.95,1197.3,
Day 633,8.98,93.54,,827.37,1210.65,
Day 634,8.81,93.39,,815.28,1211.67,
Day 635,8.73,94.8,,847.91,1192.13,
Day 636,8.52,94.81,,827.91,1197.52,
Day 637,8.31,94.66,,818.95,1207.17,
Day 638,8.31,95.19,,800.58,1205.94,
Day 639,8.11,95.61,,785.28,1208.67,
Day 640,8.28,94.61,,798.55,1217.28,
Day 641,8.02,93.63,,776.76,1212.05,
Day 642,8.06,93.2,,803.92,1183.71,
Day 643,8.05,92.44,,835.32,1191.36,
Day 644,7.94,91.45,,841.44,1206.78,
Day 645,7.86,90.18,,881.27,1186.69,
Day 646,7.59,90.07,,860.02,1202.26,
Day 647,7.58,89.29,,879.2,1173.6,
Day 648,7.74,88.69,,884.39,1165.87,
Day 649,7.31,88.19,,899.72,1128.15,
Day 650,7.18,88.83,,890.16,1110.88,
Day 651,7.06,88.75,,896.14,1159.73,
Day 652,6.73,87.99,,882.5,1155.79,
Day 653,6.53,87.15,,897.65,1171.67,
Day 654,6.46,86.23,,890.23,1157.44,
Day 655,6.26,86.25,,882.15,1135.68,
Day 656,6.07,86.3,,890.71,1136.94,
Day 657,6.06,86.02,,885.76,1120.8,
Day 658,5.98,86.55,,900.96,1115.05,
Day 659,6.25,87.12,,908.35,1071.59,
Day 660,6.42,85.97,,915.39,1087.69,
Day 661,6.12,85.6,,923.76,1073.65,
Day 662,6.03,86.36,,902.65,1074.03,
Day 663,6.03,86.2,,894.74,1067.95,
Day 664,6.24,84.95,,876.19,1103.06,
Day 665,5.96,83.22,,882.95,1089.41,
Day 666,6.03,83.07,,882.53,1070.71,
Day 667,6.12,84.28,,904.27,1098.38,
Day 668,6.27,85.06,,909.83,1102.83,
Day 669,6.03,83.96,,900.36,1064.88,
Day 670,5.83,84.43,,896.74,1050.47,
Day 671,5.74,86.4,,914.15,1062,
Day 672,5.66,86.88,,933.76,1055.69,
Day 673,5.74,85.48,,930.55,1086.84,
Day 674,5.68,86.03,,932.87,1091.6,
Day 675,6.09,86.2,,913.31,1089.63,
Day 676,5.96,85.62,,938.87,1115.23,
Day 677,6.01,85.89,,936.31,1114.61,
Day 678,6,84.6,,934.53,1116.04,
Day 679,5.8,83.79,,920.75,1117.51,
Day 680,5.6,83.45,,917.58,1113.2,
Day 681,5.61,83.3,,906.55,1095.31,
Day 682,5.59,82.88,,912.23,1092.04,
Day 683,5.45,82.09,,892,1073.69,
Day 684,5.48,82.37,,904.45,1076.76,
Day 685,5.48,84.06,,904.96,1074.57,
Day 686,5.43,85.88,,901.58,1041.24,
Day 687,5.21,85.07,,889.48,1030.71,
Day 688,5.03,84.94,,910.4,1027.37,
Day 689,5.11,85.74,,902.99,1022.58,
Day 690,4.83,85.64,,891.12,1028.06,
Day 691,4.47,86.19,,884.25,1060.27,
Day 692,4.4,85.03,,895.76,1070.25,
Day 693,4.64,83.87,,897.38,1077.96,
Day 694,4.89,82.93,,892.47,1078.75,
Day 695,5.07,83.82,,889.66,1095.34,
Day 696,4.85,85.95,,875.4,1095.17,
Day 697,4.57,86.88,,879.39,1096.48,
Day 698,4.57,86.77,,879.82,1064.88,
Day 699,4.92,87.94,,909.03,1071.25,
Day 700,4.82,88.37,,908.59,1083.48,
Day 701,4.94,88.21,,929.01,1069.59,
Day 702,5.12,89.46,,922.93,1093.67,
Day 703,5.12,89.28,,909.93,1102.66,
Day 704,4.83,89.23,,927.57,1115.01,
Day 705,4.89,89.37,,927.57,1113.84,
Day 706,4.77,88.86,,926.26,1106.13,
Day 707,4.77,89.82,,931.66,1101.53,
Day 708,4.8,90.56,,918.22,1101.6,
Day 709,4.6,90.71,,914.6,1125.86,
Day 710,4.44,91.24,,901.78,1120.46,
Day 711,4.44,89.83,,887.62,1127.24,
Day 712,4.51,89.73,,878.36,1125.81,
Day 713,4.43,90.51,,887.34,1121.64,
Day 714,4.6,89.39,,861.4,1127.79,
Day 715,4.5,89.31,,847.48,1121.06,
Day 716,4.6,89.04,,858.54,1089.47,
Day 717,4.45,88.09,,864.36,1083.61,
Day 718,4.41,88.51,,844.61,1079.25,
Day 719,4.6,89.15,,855.7,1079.38,
Day 720,4.6,89.55,,860.32,1092.54,
Day 721,4.82,89.33,,848.2,1094.16,
Day 722,4.79,89.34,,843.59,1075.63,
Day 723,4.93,89.87,,838.15,1071.69,
Day 724,4.8,91.19,,829.69,1067.36,
Day 725,4.78,91.04,,835.97,1051.87,
Day 726,4.93,90.97,,829.2,1055.33,
Day 727,5.05,91.46,,818.68,1047.22,
Day 728,5.2,91,,817.37,1064.59,
Day 729,5.48,89.98,,834.89,1048.92,
Day 730,5.4,89.64,,851.17,1049.33,
Day 731,5.67,89.53,,845.13,1080.29,
Day 732,5.85,89.7,,837.1,1090.1,
Day 733,6.03,90.71,,848.17,1104.51,
Day 734,6.11,90.94,,832.58,1091.84,
Day 735,5.87,91.24,,838.57,1098.87,
Day 736,6.39,90.67,,827.55,1104.18,
Day 737,6.52,89.33,,837.28,1109.55,
Day 738,6.8,87.6,,841.15,1121.9,
Day 739,7.43,87.84,,834.81,1121.1,
Day 740,7.39,86.82,,821.99,1125.07,
Day 741,7.65,87.07,,829.85,1124.66,
Day 742,7.61,87.3,,822.1,1125.59,
Day 743,7,88.08,,828.89,1142.71,
Day 744,7.44,87.8,,807.48,1139.78,
Day 745,7.68,87.83,,800.73,1134.28,
Day 746,7.51,88.09,,804.19,1124.83,
Day 747,7.6,88.93,,831.9,1148.67,
Day 748,7.53,89.15,,833.27,1142.16,
Day 749,7.77,89.43,,862.79,1147.7,
Day 750,8.15,88.8,,866.45,1144.73,
Day 751,8.33,88.14,,874.02,1141.2,
Day 752,8.26,88.73,,875.67,1146.24,
Day 753,8.39,89.46,,895.79,1137.03,
Day 754,8.58,90.25,,864.23,1160.75,
Day 755,8.47,90.13,,874.74,1159.97,
Day 756,8.39,89.77,,869.95,1158.06,
Day 757,8.47,90.19,,868.52,1165.15,
Day 758,8.84,90.9,,863.5,1165.32,
Day 759,8.91,92.58,,848.18,1169.77,
Day 760,9.31,93.53,,858.48,1178.1,
Day 761,8.97,93.95,,880.9,1173.81,
Day 762,8.75,94.58,,876.45,1176.19,
Day 763,8.15,94.95,,878.85,1184.71,
Day 764,7.8,96.33,,879.93,1165.9,
Day 765,7.35,95.57,,878.29,1178.17,
Day 766,7.66,97.13,,865.99,1180.26,
Day 767,7.57,96.61,,871.58,1183.08,
Day 768,7.34,97,,868.3,1185.62,
Day 769,7.62,98.32,,885.23,1185.64,
Day 770,8.52,98.86,,890.81,1182.45,
Day 771,8.26,98.24,,879.91,1183.78,
Day 772,8.4,98.04,,893.58,1183.26,
Day 773,8.04,99.21,,892.01,1184.38,
Day 774,8.13,99.68,,911.37,1193.57,
Day 775,8.36,99.07,,919.02,1197.96,
Day 776,8.1,98.53,,911.43,1221.06,
Day 777,8.08,100.11,,898.81,1225.85,
Day 778,8.06,100.86,,914.84,1223.25,
Day 779,8.05,100.87,,917.84,1213.4,
Day 780,7.39,101.18,,916.92,1218.71,
Day 781,7.43,101.91,,916.3,1213.54,
Day 782,7.02,100.39,,930.08,1199.21,
Day 783,6.42,99.46,,926.55,1197.75,
Day 784,6.88,99.62,,934.39,1178.34,
Day 785,6.67,100.47,,929.62,1178.59,
Day 786,7.13,100.77,,920.27,1196.69,
Day 787,7,100.25,,933.41,1199.73,
Day 788,7.13,99.67,,945.11,1197.84,
Day 789,7.4,99.05,,942.3,1180.73,
Day 790,7.23,99.85,,939.28,1198.35,
Day 791,6.82,101.41,,946.67,1189.4,
Day 792,6.83,102.1,,944.3,1187.76,
Day 793,6.76,101.61,,920.77,1180.55,
Day 794,6.89,102.03,,919.73,1206.07,
Day 795,6.95,101.69,,923.42,1221.53,
Day 796,7.09,100.11,,931.87,1224.71,
Day 797,6.96,99.71,,933.22,1223.12,
Day 798,6.76,100.02,,951.48,1223.75,
Day 799,6.52,100.58,,953.22,1228.28,
Day 800,6.48,99.98,,949.64,1233,
Day 801,6.88,98.92,,963.59,1240.4,
Day 802,7.24,99.11,,967,1240.46,
Day 803,6.92,100.19,,971.56,1241.59,
Day 804,7.44,100.58,,986.24,1235.23,
Day 805,7.68,100.94,,990.14,1242.87,
Day 806,7.43,101.89,,987.76,1243.91,
Day 807,7.43,100.86,,975.93,1247.08,
Day 808,7.2,99.8,,984.84,1254.6,
Day 809,7.15,100.92,,997.48,1258.84,
Day 810,7.13,100.86,,998.51,1256.77,
Day 811,7.2,100.45,,988.61,1257.54,
Day 812,7.17,100.58,,1010.74,1258.51,
Day 813,6.85,100.71,,1011.66,1259.78,
Day 814,6.78,102.24,,1010.09,1257.88,
Day 815,6.8,103.42,,994.7,1257.64,
Day 816,6.78,102.85,,995.69,1271.87,
Day 817,6.55,102.85,,981.64,1270.2,
Day 818,6.73,102.41,,983.45,1276.56,
Day 819,6.47,102.01,,975.32,1273.85,
Day 820,6.54,102.77,,985.82,1271.5,
Day 821,6.87,102.24,,976.22,1269.75,
Day 822,6.89,102.25,,974.5,1274.48,
Day 823,6.89,103.51,,982.32,1285.96,
Day 824,7.08,103.36,,993.75,1283.76,
Day 825,7.07,102.21,,985.7,1293.24,
Day 826,6.99,101.28,,1004.42,1295.02,
Day 827,7.12,100.35,,1007.84,1281.92,
Day 828,7.05,100.2,,1002.21,1280.26,
Day 829,7,101.05,,988.7,1283.35,
Day 830,6.97,100.31,,998.14,1290.84,
Day 831,6.82,100.67,,1003.86,1291.18,
Day 832,6.8,101.44,,1000.42,1296.63,
Day 833,6.57,102.87,,994.09,1299.54,
Day 834,6.57,103.32,,981.73,1276.34,
Day 835,6.61,102.98,,993.32,1286.12,
Day 836,6.6,102.29,,978.8,1307.59,
Day 837,6.75,102.43,,988.11,1304.03,
Day 838,6.92,101.86,,988.61,1307.1,
Day 839,6.83,102.13,,981.6,1310.87,
Day 840,7.15,102.13,,998.68,1319.05,
Day 841,7.12,101.64,,996.52,1324.57,
Day 842,7.23,100.92,,989.28,1320.88,
Day 843,7.13,101.46,,987.49,1321.87,
Day 844,7.34,100.88,,990.31,1329.15,
Day 845,7.32,101.16,,980.15,1332.32,
Day 846,7.23,101.88,,982.82,1328.01,
Day 847,7.25,103.1,,965.46,1336.32,
Day 848,7.06,102.95,,967.08,1340.43,
Day 849,7.08,102.77,,974.12,1343.01,
Day 850,6.95,102.16,,977.59,1315.44,
Day 851,6.98,101.34,,980.59,1307.4,
Day 852,7.06,101.09,,990.35,1306.1,
Day 853,7.03,101.26,,984.03,1319.88,
Day 854,6.98,101.18,,990.51,1327.22,
Day 855,7.1,102,,990.67,1306.33,
Day 856,7.05,101.26,,999.74,1308.44,
Day 857,7.04,99.44,,1002.35,1330.97,
Day 858,6.98,99.49,,1000.3,1321.15,
Day 859,6.94,99.34,,1003.27,1310.13,
Day 860,6.67,99.38,,993.06,1321.82,
Day 861,6.55,100.18,,993.71,1320.02,
Day 862,6.53,99.85,,996.73,1295.11,
Day 863,6.48,100.22,,996.79,1304.28,
Day 864,6.54,100.13,,1002.84,1296.39,
Day 865,6.62,99.15,,1008.01,1281.87,
Day 866,6.76,98.63,,1021.99,1256.88,
Day 867,6.66,98.8,,1026.27,1273.72,
Day 868,6.32,98.74,,1027.97,1279.21,
Day 869,6.28,99.56,,1021.39,1298.38,
Day 870,6.13,100.92,,1031.64,1293.77,
Day 871,6.23,101.95,,1023.17,1297.54,
Day 872,6,101.46,,1010.92,1309.66,
Day 873,5.96,102.01,,1016.42,1313.8,
Day 874,5.68,103.61,,1018.63,1310.19,
Day 875,5.9,103.76,,1014.81,1319.44,
Day 876,5.53,104.28,,1029.32,1328.26,
Day 877,5.66,103.47,,1025.97,1325.83,
Day 878,5.77,103.25,,1039.58,1332.41,
Day 879,5.65,103.79,,1036.3,1332.87,
Day 880,5.84,103.72,,1022.82,1332.63,
Day 881,6.81,103.43,,1029.03,1335.54,
Day 882,6.93,103.86,,1009.38,1333.51,
Day 883,6.63,104.28,,1003.27,1328.17,
Day 884,6.5,103.59,,996.85,1324.46,
Day 885,6.2,104.11,,1006.58,1314.16,
Day 886,6.12,103.54,,995.97,1314.41,
Day 887,6.25,103.83,,1018.22,1314.52,
Day 888,6.25,103.98,,1020.24,1319.68,
Day 889,6.09,104.98,,1029.85,1305.14,
Day 890,6.21,105.9,,1034.35,1312.62,
Day 891,6.07,105.67,,1039.25,1330.36,
Day 892,6.05,105.95,,1033.78,1337.38,
Day 893,5.85,105.2,,1038.73,1335.25,
Day 894,5.87,104.68,,1038.06,1347.24,
Day 895,5.9,104.29,,1045.35,1355.66,
Day 896,5.95,103.72,,1049.48,1360.48,
Day 897,6.05,103.82,,1046.76,1363.61,
Day 898,6.12,103.93,,1050.07,1361.22,
Day 899,6.54,104.06,,1039.32,1356.62,
Day 900,6.51,104.07,,1044.68,1347.32,
Day 901,6.41,103.48,,1046.03,1335.1,
Day 902,6.67,103.05,,1030.36,1340.2,
Day 903,6.53,102.93,,1033.77,1346.29,
Day 904,6.66,103.44,,1028.91,1357.16,
Day 905,7.14,103.19,,1031.13,1342.08,
Day 906,7.82,104.14,,1046.79,1348.65,
Day 907,7.44,104.43,,1048.11,1337.77,
Day 908,7.91,103.85,,1046.94,1329.47,
Day 909,7.72,103.79,,1050.71,1328.98,
Day 910,7.77,103.49,,1059.02,1340.68,
Day 911,7.7,104.41,,1053.25,1343.6,
Day 912,7.83,104.06,,1051.81,1333.27,
Day 913,8.43,104.22,,1058.05,1317.37,
Day 914,8.46,104.25,,1053.21,1316.28,
Day 915,8.41,104.43,,1047.11,1320.47,
Day 916,8.65,104.8,,1046.57,1325.69,
Day 917,8.74,104.56,,1058.53,1331.1,
Day 918,8.34,103.39,,1058.41,1345.2,
Day 919,8.4,102.37,,1050.35,1314.55,
Day 920,8.82,101.96,,1043.63,1312.94,
Day 921,9.07,101.27,,1034.15,1300.16,
Day 922,9.03,102.03,,1042.44,1286.17,
Day 923,8.68,101.32,,1033.65,1284.94,
Day 924,8.85,101.48,,1035.28,1279.56,
Day 925,8.94,102.07,,1052.08,1289,
Day 926,8.89,102.91,,1053.89,1270.98,
Day 927,8.82,104.06,,1058.45,1271.83,
Day 928,8.64,103.92,,1058.2,1287.87,
Day 929,8.96,104.3,,1070.12,1265.42,
Day 930,9.15,105.03,,1066.62,1267.64,
Day 931,9.08,104.94,,1064.73,1271.5,
Day 932,9.34,104.4,,1069.72,1278.36,
Day 933,9.78,104.65,,1061.5,1295.52,
Day 934,9.64,104.29,,1069.3,1287.14,
Day 935,9.74,103.94,,1060.18,1283.5,
Day 936,10.13,104.25,,1059.05,1268.45,
Day 937,10.07,105.34,,1071.21,1280.1,
Day 938,10.04,106.27,,1074.14,1296.67,
Day 939,10.22,106.32,,1068.04,1307.41,
Day 940,10.31,107.83,,1075.13,1320.64,
Day 941,10.41,107.46,,1076.48,1339.67,
Day 942,10.89,106.92,,1089.18,1337.88,
Day 943,10.57,106.8,,1088.66,1339.22,
Day 944,10.47,107.27,,1092.94,1353.22,
Day 945,9.74,105.92,,1096.02,1343.8,
Day 946,9.81,105.37,,1094.04,1319.49,
Day 947,10.68,105.24,,1095.89,1313.64,
Day 948,10.52,104.17,,1109.48,1317.72,
Day 949,10.58,104.03,,1109.64,1308.87,
Day 950,10.22,103.23,,1111.92,1316.14,
Day 951,10.56,102.97,,1108.48,1305.44,
Day 952,10.87,103.54,,1122.22,1326.73,
Day 953,10.98,102.56,,1123.67,1325.84,
Day 954,10.84,101.64,,1126.33,1343.8,
Day 955,10.74,100.81,,1131.92,1345.02,
Day 956,10.91,102.12,,1121.86,1337.43,
Day 957,11.62,100.85,,1127.23,1331.94,
Day 958,11.55,100.88,,1121.22,1304.89,
Day 959,11.85,101.47,,1130.52,1300.67,
Day 960,11.96,101.45,,1132.05,1292.28,
Day 961,11.86,101.74,,1139.83,1286.94,
Day 962,11.71,100.77,,1138.77,1254.05,
Day 963,11.87,99.96,,1147.62,1260.34,
Day 964,12,100.07,,1143.94,1200.07,
Day 965,11.85,101.06,,1141.55,1199.38,
Day 966,12.01,101.76,,1155.37,1119.46,
Day 967,12.2,101.61,,1144.05,1172.53,
Day 968,11.6,102.9,,1128.48,1120.76,
Day 969,10.57,103.1,,1134.11,1172.64,
Day 970,9.65,101.92,,1131.13,1178.81,
Day 971,10.5,102.41,,1135.26,1204.49,
Day 972,10.32,100.82,,1136.03,1192.76,
Day 973,10.59,99.6,,1126.52,1193.89,
Day 974,10.68,99.32,,1128.59,1140.65,
Day 975,10.43,98.81,,1142.76,1123.53,
Day 976,9.95,99.64,,1139.81,1123.82,
Day 977,10.25,99.24,,1145.54,1162.35,
Day 978,10.49,99.9,,1157.76,1177.6,
Day 979,10.36,100.04,,1152.11,1159.27,
Day 980,10.13,100.61,,1145.81,1176.8,
Day 981,10.05,101.89,,1156.99,1210.08,
Day 982,10.39,101.92,,1151.82,1212.92,
Day 983,10.81,102.59,,1147.06,1218.89,
Day 984,10.63,101.96,,1144.11,1204.42,
Day 985,10.59,102.41,,1140.99,1173.97,
Day 986,10.46,103.15,,1139.09,1165.24,
Day 987,10.48,102.44,,1143.67,1198.62,
Day 988,10.2,102.1,,1144.91,1185.9,
Day 989,10.76,102.49,,1144.94,1154.23,
Day 990,10.58,102.12,,1155.97,1162.27,
Day 991,10.75,102.76,,1149.1,1172.87,
Day 992,10.92,103.56,,1151.03,1188.68,
Day 993,10.78,103.49,,1154.87,1209.11,
Day 994,10.88,104.08,,1156.86,1216.01,
Day 995,11.28,104.51,,1147.2,1204.09,
Day 996,11.26,104.7,,1140.58,1202.09,
Day 997,11.2,104.63,,1123.89,1166.76,
Day 998,11.1,105.07,,1106.78,1129.56,
Day 999,11.09,105.14,,1120.57,1136.43,
Day 1000,11.23,104.8,,1104.49,1162.95,
Day 1001,10.84,104.26,,1110.7,1175.38,
Day 1002,10.85,103.65,,1123.75,1151.06,
Day 1003,10.7,104.22,,1122.32,1160.4,
Day 1004,10.66,104.71,,1109.78,1131.42,
Day 1005,11.13,104.84,,1095.4,1099.23,
Day 1006,11.06,106.06,,1093.95,1123.95,
Day 1007,11.11,,,1091.33,1144.03,
Day 1008,11.13,,,1109.19,1164.97,
Day 1009,10.82,,,1108.06,1155.46,
Day 1010,11,,,1122.47,1194.89,
Day 1011,11.04,,,1127,1195.54,
Day 1012,10.69,,,1126.21,1207.25,
Day 1013,10.03,,,1132.17,1203.66,
Day 1014,10.26,,,1141.81,1224.58,
Day 1015,10.16,,,1150.57,1200.86,
Day 1016,10.07,,,1148.16,1225.38,
Day 1017,9.65,,,1140.53,1209.88,
Day 1018,9.79,,,1139.32,1215.39,
Day 1019,9.72,,,1145.2,1238.25,
Day 1020,9.62,,,1129.44,1254.19,
Day 1021,9.67,,,1128.17,1229.05,
Day 1022,10.29,,,1128.84,1242,
Day 1023,10.16,,,1134.61,1284.59,
Day 1024,10.05,,,1135.82,1285.09,
Day 1025,10.32,,,1118.15,1253.3,
Day 1026,10.23,,,1124.09,1218.28,
Day 1027,10.24,,,1139.93,1237.9,
Day 1028,9.85,,,1140.6,1261.15,
Day 1029,9.21,,,1135.53,1253.23,
Day 1030,9.51,,,1138.11,1261.12,
Day 1031,9.07,,,1122.41,1275.92,
Day 1032,8.61,,,1113.89,1229.1,
Day 1033,8.86,,,1107.3,1239.7,
Day 1034,9.02,,,1117.49,1263.85,
Day 1035,9.38,,,1119.55,1251.78,
Day 1036,9.63,,,1121.53,1257.81,
Day 1037,9.44,,,1113.99,1236.91,
Day 1038,9.54,,,1098.7,1216.13,
Day 1039,9.04,,,1087.12,1215.65,
Day 1040,8.96,,,1095.45,1192.98,
Day 1041,9.12,,,1097.28,1188.04,
Day 1042,9.22,,,1096.44,1161.79,
Day 1043,9.54,,,1095.7,1158.67,
Day 1044,9.45,,,1084.1,1192.55,
Day 1045,9.8,,,1091.49,1195.19,
Day 1046,9.87,,,1088.68,1246.96,
Day 1047,9.72,,,1089.19,1244.58,
Day 1048,9.81,,,1093.56,1244.28,
Day 1049,9.69,,,1095.41,1257.08,
Day 1050,9.58,,,1113.05,1258.47,
Day 1051,10.03,,,1114.94,1261.01,
Day 1052,9.92,,,1121.28,1234.35,
Day 1053,10.23,,,1120.68,1255.19,
Day 1054,10.1,,,1121.2,1236.47,
Day 1055,10.05,,,1124.99,1225.73,
Day 1056,9.87,,,1116.64,1211.82,
Day 1057,10.01,,,1122.5,1215.75,
Day 1058,9.69,,,1140.42,1219.66,
Day 1059,9.7,,,1142.18,1205.35,
Day 1060,9.88,,,1131.33,1241.3,
Day 1061,9.91,,,1136.47,1243.72,
Day 1062,9.9,,,1125.29,1254,
Day 1063,10.2,,,1132.01,1265.33,
Day 1064,10.13,,,1133.56,1265.43,
Day 1065,10.2,,,1132.05,1249.64,
Day 1066,10.1,,,1135.02,1263.02,
Day 1067,10.31,,,1130.3,1257.6,
Day 1068,10.29,,,1134.41,1277.06,
Day 1069,10.19,,,1144.06,1277.3,
Day 1070,10.23,,,1140.65,1281.06,
Day 1071,10.07,,,1134.43,1277.81,
Day 1072,9.77,,,1133.35,1280.7,
Day 1073,9.75,,,1136.2,1292.08,
Day 1074,9.57,,,1140.84,1292.48,
Day 1075,9.55,,,1128.94,1295.5,
Day 1076,9.86,,,1125.38,1289.09,
Day 1077,9.58,,,1116.21,1293.67,
Day 1078,9.71,,,1118.33,1308.04,
Day 1079,9.99,,,1109.11,1314.5,
Day 1080,9.97,,,1112.81,1315.38,
Day 1081,10.11,,,1114.35,1316,
Day 1082,9.97,,,1115.14,1314.65,
Day 1083,9.94,,,1111.47,1326.06,
Day 1084,9.81,,,1106.69,1318.43,
Day 1085,9.76,,,1101.39,1316.33,
Day 1086,9.87,,,1100.9,1313.01,
Day 1087,10.14,,,1108.67,1312.41,
Day 1088,10.19,,,1093.88,1324.09,
Day 1089,10.07,,,1096.84,1325.54,
Day 1090,10.64,,,1086.2,1344.9,
Day 1091,10.69,,,1084.07,1344.33,
Day 1092,10.66,,,1094.83,1347.05,
Day 1093,10.63,,,1095.42,1349.96,
Day 1094,10.93,,,1100.43,1351.95,
Day 1095,10.91,,,1101.72,1342.64,
Day 1096,11.05,,,1106.62,1351.77,
Day 1097,11.12,,,1099.69,1350.5,
Day 1098,11.12,,,1098.63,1343.23,
Day 1099,11.02,,,1080.7,1358.04,
Day 1100,11.19,,,1063.97,1361.23,
Day 1101,11.33,,,1065.22,1362.21,
Day 1102,11.17,,,1079.04,1357.66,
Day 1103,11.46,,,1075.79,1363.46,
Day 1104,11.45,,,1063.23,1365.74,
Day 1105,11.81,,,1064.8,1367.59,
Day 1106,11.82,,,1079.34,1372.18,
Day 1107,11.45,,,1081.71,1365.68,
Day 1108,11.5,,,1095.17,1374.09,
Day 1109,11.18,,,1091.23,1369.63,
Day 1110,11.22,,,1098.35,1364.33,
Day 1111,11.29,,,1095.68,1343.36,
Day 1112,11.51,,,1096.19,1352.63,
Day 1113,11.54,,,1104.96,1365.91,
Day 1114,11.36,,,1105.09,1370.87,
Day 1115,11.4,,,1107.77,1371.09,
Day 1116,11.43,,,1099.15,1395.95,
Day 1117,11.13,,,1104.24,1394.28,
Day 1118,10.69,,,1105.91,1402.6,
Day 1119,10.81,,,1118.31,1404.17,
Day 1120,10.76,,,1113.63,1409.75,
Day 1121,10.72,,,1121.3,1405.52,
Day 1122,11.07,,,1116.27,1402.89,
Day 1123,11.01,,,1118.38,1392.78,
Day 1124,10.88,,,1123.92,1397.11,
Day 1125,10.6,,,1125.82,1416.51,
Day 1126,10.8,,,1128.33,1412.52,
Day 1127,10.73,,,1120.37,1405.54,
Day 1128,10.96,,,1123.5,1403.28,
Day 1129,10.96,,,1128.55,1408.47,
Day 1130,10.97,,,1122.2,1419.04,
Day 1131,10.79,,,1129.3,1413.38,
Day 1132,10.82,,,1113.56,1398.96,
Day 1133,10.45,,,1108.36,1398.08,
Day 1134,10.66,,,1110.11,1382.2,
Day 1135,10.45,,,1103.52,1358.59,
Day 1136,10.64,,,1110.06,1368.71,
Day 1137,10.53,,,1114.8,1387.57,
Day 1138,10.71,,,1114.58,1370.26,
Day 1139,10.42,,,1131.5,1369.57,
Day 1140,10.45,,,1135.17,1390.78,
Day 1141,10.62,,,1134.48,1385.14,
Day 1142,10.76,,,1142.05,1376.92,
Day 1143,10.84,,,1130.65,1378.53,
Day 1144,10.87,,,1122.14,1366.94,
Day 1145,10.9,,,1124.39,1371.97,
Day 1146,10.95,,,1121.84,1390.69,
Day 1147,10.87,,,1113.65,1399.98,
Day 1148,11.03,,,1103.29,1403.36,
Day 1149,11.02,,,1108.2,1397.91,
Day 1150,10.99,,,1114.02,1405.82,
Day 1151,10.95,,,1103.23,1402.31,
Day 1152,10.78,,,1103.66,1391.57,
Day 1153,10.89,,,1106.49,1369.1,
Day 1154,11.03,,,1095.74,1369.58,
Day 1155,11.05,,,1094.8,1363.72,
Day 1156,11.16,,,1111.09,1354.58,
Day 1157,11.09,,,1125.4,1357.99,
Day 1158,11,,,1127.44,1353.39,
Day 1159,10.94,,,1130.2,1338.35,
Day 1160,10.79,,,1130.51,1330.66,
Day 1161,10.8,,,1130.56,1324.8,
Day 1162,10.46,,,1143.2,1304.86,
Day 1163,10.46,,,1161.67,1295.22,
Day 1164,10.25,,,1166.17,1315.99,
Day 1165,10.29,,,1164.89,1316.63,
Day 1166,10.32,,,1164.08,1318.86,
Day 1167,9.81,,,1162.91,1320.68,
Day 1168,10.05,,,1173.48,1317.82,
Day 1169,9.88,,,1184.17,1332.42,
Day 1170,9.65,,,1183.81,1313.32,
Day 1171,9.55,,,1175.43,1310.33,
Day 1172,9.45,,,1181.94,1278.04,
Day 1173,9.63,,,1183.55,1278.18,
Day 1174,9.56,,,1170.34,1285.5,
Day 1175,9.59,,,1177.24,1315.13,
Day 1176,9.85,,,1176.94,1314.99,
Day 1177,9.87,,,1181.76,1325.66,
Day 1178,9.65,,,1182.65,1308.93,
Day 1179,9.56,,,1178.57,1324.18,
Day 1180,9.59,,,1173.82,1314.88,
Day 1181,9.7,,,1191.37,1329.1,
Day 1182,9.83,,,1190.33,1342.84,
Day 1183,9.79,,,1191.17,1344.78,
Day 1184,9.61,,,1190.25,1357.98,
Day 1185,9.38,,,1177.07,1355.69,
Day 1186,9.49,,,1182.81,1325.51,
Day 1187,9.72,,,1189.24,1335.02,
Day 1188,9.74,,,1188,1313.72,
Day 1189,9.71,,,1198.68,1319.99,
Day 1190,10.17,,,1203.38,1331.85,
Day 1191,10.09,,,1205.72,1329.04,
Day 1192,10.2,,,1203.21,1362.16,
Day 1193,10.2,,,1194.2,1365.51,
Day 1194,10.05,,,1194.65,1374.02,
Day 1195,10.23,,,1205.45,1367.58,
Day 1196,10.37,,,1209.57,1354.68,
Day 1197,10.19,,,1210.13,1352.46,
Day 1198,10.08,,,1204.92,1341.47,
Day 1199,9.98,,,1213.54,1341.45,
Day 1200,9.76,,,1213.45,1334.76,
Day 1201,9.73,,,1213.55,1356.78,
Day 1202,9.96,,,1211.92,1353.64,
Day 1203,9.93,,,1202.08,1363.67,
Day 1204,9.98,,,1188.05,1372.78,
Day 1205,9.81,,,1183.74,1376.51,
Day 1206,9.69,,,1187.89,1362.66,
Day 1207,9.66,,,1186.19,1350.52,
Day 1208,9.82,,,1190.25,1338.31,
Day 1209,9.91,,,1182.99,1337.89,
Day 1210,9.88,,,1187.7,1360.02,
Day 1211,9.94,,,1177.45,1385.97,
Day 1212,9.99,,,1184.52,1385.3,
Day 1213,9.91,,,1195.98,1379.32,
Day 1214,9.93,,,1184.63,1375.32,
Day 1215,9.72,,,1175.41,1365,
Day 1216,9.68,,,1167.87,1390.99,
Day 1217,9.84,,,1163.75,1394.23,
Day 1218,9.74,,,1168.41,1401.35,
Day 1219,9.47,,,1174.07,1402.22,
Day 1220,9.09,,,1174.55,1402.8,
Day 1221,8.99,,,1171.36,1405.87,
Day 1222,9.07,,,1181.27,1404.11,
Day 1223,8.36,,,1189.41,1403.93,
Day 1224,8.6,,,1193.19,1405.53,
Day 1225,8.67,,,1189.89,1415.51,
Day 1226,8.68,,,1203.03,1418.16,
Day 1227,8.95,,,1201.72,1418.13,
Day 1228,9.01,,,1202.3,1413.17,
Day 1229,8.9,,,1191.99,1413.49,
Day 1230,8.71,,,1197.01,1402.08,
Day 1231,8.69,,,1205.3,1411.13,
Day 1232,8.83,,,1206.14,1410.44,
Day 1233,9.13,,,1210.12,1409.3,
Day 1234,8.93,,,1210.34,1410.49,
Day 1235,9.17,,,1200.75,1399.48,
Day 1236,9.1,,,1201.59,1406.58,
Day 1237,9.04,,,1184.16,1404.94,
Day 1238,9.11,,,1190.8,1403.44,
Day 1239,9.06,,,1200.2,1432.12,
Day 1240,8.97,,,1211.37,1437.92,
Day 1241,9.19,,,1203.6,1429.08,
Day 1242,9.4,,,1210.41,1433.56,
Day 1243,9.35,,,1210.08,1436.56,
Day 1244,9.52,,,1210.47,1459.99,
Day 1245,9.39,,,1222.12,1465.77,
Day 1246,9.34,,,1225.31,1461.19,
Day 1247,9.26,,,1219.43,1459.32,
Day 1248,9.16,,,1207.01,1461.05,
Day 1249,9.15,,,1209.25,1460.26,
Day 1250,9.06,,,1200.08,1460.15,
Day 1251,9.21,,,1206.83,1456.89,
Day 1252,9.02,,,1197.75,1441.59,
Day 1253,8.92,,,1188.07,1433.32,
Day 1254,8.7,,,1190.21,1447.15,
Day 1255,8.72,,,1189.65,1440.67,
Day 1256,8.75,,,1183.78,1444.49,
Day 1257,8.72,,,1171.71,1445.75,
Day 1258,8.47,,,1172.53,1450.99,
Day 1259,8.45,,,1171.42,1461.4,
Day 1260,8.52,,,1174.28,1460.93,
Day 1261,8.74,,,1165.36,1455.88,
Day 1262,8.77,,,1181.41,1441.48,
Day 1263,8.95,,,1180.59,1432.56,
Day 1264,8.9,,,1172.92,1432.84,
Day 1265,9.15,,,1176.12,1428.59,
Day 1266,9.09,,,1181.39,1440.13,
Day 1267,9.18,,,1184.07,1454.92,
Day 1268,9.08,,,1191.14,1460.91,
Day 1269,8.83,,,1181.2,1457.34,
Day 1270,8.86,,,1181.21,1433.19,
Day 1271,8.83,,,1187.76,1433.82,
Day 1272,8.82,,,1173.79,1413.11,
Day 1273,9,,,1162.05,1408.75,
Day 1274,8.92,,,1142.62,1412.97,
Day 1275,8.83,,,1145.98,1411.94,
Day 1276,9.07,,,1152.78,1412.16,
Day 1277,9.19,,,1137.5,1427.59,
Day 1278,9,,,1159.95,1414.2,
Day 1279,9.09,,,1152.12,1417.26,
Day 1280,9.11,,,1162.1,1428.39,
Day 1281,9.07,,,1151.83,1394.53,
Day 1282,9.03,,,1156.38,1377.51,
Day 1283,9.02,,,1143.22,1379.85,
Day 1284,8.99,,,1156.85,1380.03,
Day 1285,9.14,,,1162.16,1374.53,
Day 1286,8.93,,,1161.17,1355.49,
Day 1287,8.8,,,1175.65,1353.33,
Day 1288,8.76,,,1172.63,1359.88,
Day 1289,8.79,,,1171.35,1386.89,
Day 1290,8.81,,,1178.84,1387.81,
Day 1291,8.77,,,1166.22,1391.03,
Day 1292,8.87,,,1171.11,1409.15,
Day 1293,9.02,,,1159.36,1406.29,
Day 1294,9.19,,,1154.05,1398.94,
Day 1295,9.12,,,1165.69,1409.93,
Day 1296,9.3,,,1173.8,1415.95,
Day 1297,9.23,,,1185.56,1416.18,
Day 1298,9.2,,,1191.08,1409.46,
Day 1299,9,,,1189.28,1407.05,
Day 1300,9.18,,,1193.86,1409.28,
Day 1301,9.1,,,1194.07,1413.94,
Day 1302,9.14,,,1190.01,1418.07,
Day 1303,9.1,,,1197.62,1418.55,
Day 1304,9.14,,,1198.78,1427.84,
Day 1305,9.27,,,1191.5,1428.48,
Day 1306,9.52,,,1202.22,1419.45,
Day 1307,9.43,,,1204.29,1413.58,
Day 1308,9.54,,,1196.02,1430.36,
Day 1309,9.54,,,1197.51,1446.79,
Day 1310,9.41,,,1197.26,1435.81,
Day 1311,9.48,,,1194.67,1443.69,
Day 1312,9.56,,,1200.93,1430.15,
Day 1313,9.54,,,1198.11,1426.66,
Day 1314,9.46,,,1200.82,1419.83,
Day 1315,9.36,,,1203.91,1418.1,
Day 1316,9.17,,,1206.58,1402.43,
Day 1317,9.18,,,1210.96,1426.19,
Day 1318,9.13,,,1216.96,1462.42,
Day 1319,9.11,,,1216.1,1459.37,
Day 1320,9.17,,,1213.61,1466.47,
Day 1321,9.16,,,1213.88,1461.89,
Day 1322,9.03,,,1200.73,1457.15,
Day 1323,9.02,,,1191.57,1461.02,
Day 1324,9.04,,,1190.69,1472.12,
Day 1325,9.11,,,1201.57,1472.05,
Day 1326,9.06,,,1199.85,1470.68,
Day 1327,9.07,,,1191.33,1472.34,
Day 1328,9.41,,,1194.44,1472.63,
Day 1329,9.5,,,1204.99,1480.94,
Day 1330,9.51,,,1194.94,1485.98,
Day 1331,9.53,,,1197.87,1492.56,
Day 1332,9.51,,,1211.86,1494.81,
Day 1333,9.58,,,1219.44,1494.82,
Day 1334,9.47,,,1222.21,1502.96,
Day 1335,9.46,,,1223.29,1500.18,
Day 1336,9.44,,,1226.5,1507.84,
Day 1337,9.25,,,1227.92,1501.96,
Day 1338,9.17,,,1221.13,1498.11,
Day 1339,8.96,,,1229.35,1513.17,
Day 1340,9,,,1235.2,1495.71,
Day 1341,9.14,,,1227.04,1511.29,
Day 1342,9.18,,,1233.68,1512.12,
Day 1343,9.28,,,1229.03,1509.39,
Day 1344,9.2,,,1231.16,1517.93,
Day 1345,9.2,,,1236.79,1517.01,
Day 1346,9.18,,,1243.72,1519.43,
Day 1347,9.23,,,1234.18,1520.33,
Day 1348,9.07,,,1235.35,1521.38,
Day 1349,8.98,,,1244.12,1519.79,
Day 1350,9.03,,,1245.04,1530.94,
Day 1351,9.1,,,1235.86,1511.95,
Day 1352,9.05,,,1226.42,1502.42,
Day 1353,8.99,,,1223.13,1515.6,
Day 1354,8.89,,,1231.38,1487.85,
Day 1355,8.81,,,1229.13,1496.94,
Day 1356,8.88,,,1237.81,1515.99,
Day 1357,9.03,,,1230.39,1514.68,
Day 1358,9.02,,,1233.87,1518.2,
Day 1359,9.01,,,1219.34,1525.2,
Day 1360,9.01,,,1220.24,1539.79,
Day 1361,9.06,,,1219.02,1541.46,
Day 1362,9.34,,,1219.71,1544.26,
Day 1363,9.19,,,1221.73,1551.18,
Day 1364,9.04,,,1217.59,1556.22,
Day 1365,9.03,,,1209.59,1552.48,
Day 1366,8.85,,,1212.37,1554.52,
Day 1367,8.76,,,1205.1,1563.23,
Day 1368,8.79,,,1212.28,1560.7,
Day 1369,8.74,,,1208.41,1552.1,
Day 1370,8.79,,,1220.33,1548.34,
Day 1371,8.72,,,1221.59,1558.71,
Day 1372,8.47,,,1218.02,1545.8,
Day 1373,8.45,,,1233.39,1556.89,
Day 1374,8.56,,,1236.36,1551.69,
Day 1375,8.54,,,1231.67,1563.77,
Day 1376,8.32,,,1241.48,1562.85,
Day 1377,8.16,,,1240.56,,
Day 1378,8.19,,,1231.2,,
Day 1379,8.06,,,1227.16,,
Day 1380,8.23,,,1227.73,,
Day 1381,8.14,,,1237.91,,
Day 1382,8.26,,,1231.02,,
Day 1383,8.25,,,1221.34,,
Day 1384,8.42,,,1210.2,,
Day 1385,8.55,,,1214.62,,
Day 1386,8.42,,,1215.29,,
Day 1387,8.35,,,1215.63,,
Day 1388,8.44,,,1215.66,,
Day 1389,8.45,,,1216.89,,
Day 1390,8.45,,,1227.68,,
Day 1391,8.54,,,1228.81,,
Day 1392,8.5,,,1226.7,,
Day 1393,8.48,,,1214.47,,
Day 1394,8.57,,,1196.39,,
Day 1395,8.78,,,1191.49,,
Day 1396,8.78,,,1195.9,,
Day 1397,8.94,,,1187.33,,
Day 1398,8.9,,,1184.87,,
Day 1399,8.85,,,1177.68,,
Day 1400,8.95,,,1176.84,,
Day 1401,9.13,,,1186.57,,
Day 1402,8.22,,,1190.1,,
Day 1403,9.01,,,1178.14,,
Day 1404,9.14,,,1195.76,,
Day 1405,9.41,,,1177.8,,
Day 1406,9.44,,,1179.59,,
Day 1407,9.32,,,1199.38,,
Day 1408,9.44,,,1196.54,,
Day 1409,9.4,,,1191.38,,
Day 1410,9.39,,,1178.9,,
Day 1411,9.28,,,1198.41,,
Day 1412,9.23,,,1207.01,,
Day 1413,9.27,,,1202.76,,
Day 1414,9.42,,,1214.76,,
Day 1415,9.42,,,1219.94,,
Day 1416,9.38,,,1220.14,,
Day 1417,9.65,,,1222.81,,
Day 1418,9.69,,,1218.59,,
Day 1419,9.75,,,1220.65,,
Day 1420,9.8,,,1230.96,,
Day 1421,9.81,,,1234.72,,
Day 1422,9.82,,,1233.76,,
Day 1423,9.15,,,1229.01,,
Day 1424,10.01,,,1231.21,,
Day 1425,9.89,,,1242.8,,
Day 1426,9.98,,,1248.27,,
Day 1427,10.06,,,1254.85,,
Day 1428,10.07,,,1261.23,,
Day 1429,10.02,,,1265.61,,
Day 1430,10.03,,,1268.25,,
Day 1431,9.85,,,1257.46,,
Day 1432,9.69,,,1257.48,,
Day 1433,9.58,,,1249.48,,
Day 1434,9.67,,,1264.67,,
Day 1435,9.92,,,1265.08,,
Day 1436,9.91,,,1262.09,,
Day 1437,9.84,,,1263.7,,
Day 1438,9.9,,,1257.37,,
Day 1439,10.03,,,1255.84,,
Day 1440,10.13,,,1259.37,,
Day 1441,10.06,,,1260.43,,
Day 1442,10.12,,,1267.43,,
Day 1443,10.22,,,1272.74,,
Day 1444,10.22,,,1270.94,,
Day 1445,10.28,,,1267.32,,
Day 1446,10.23,,,1259.92,,
Day 1447,10.15,,,1259.62,,
Day 1448,10.38,,,1262.79,,
Day 1449,10.47,,,1268.12,,
Day 1450,10.32,,,1268.66,,
Day 1451,10.2,,,1256.54,,
Day 1452,10.15,,,1258.17,,
Day 1453,10.24,,,1254.42,,
Day 1454,10.28,,,1248.29,,
Day 1455,10.29,,,1268.8,,
Day 1456,10.35,,,1273.46,,
Day 1457,10.47,,,1273.48,,
Day 1458,10.6,,,1285.45,,
Day 1459,10.55,,,1290.15,,
Day 1460,10.63,,,1289.69,,
Day 1461,10.52,,,1294.18,,
Day 1462,10.62,,,1286.06,,
Day 1463,10.6,,,1287.61,,
Day 1464,10.61,,,1282.93,,
Day 1465,10.67,,,1277.93,,
Day 1466,10.66,,,1285.04,,
Day 1467,10.58,,,1261.49,,
Day 1468,10.77,,,1263.82,,
Day 1469,10.76,,,1266.86,,
Day 1470,10.84,,,1264.68,,
Day 1471,10.73,,,1273.83,,
Day 1472,10.79,,,1283.72,,
Day 1473,11.04,,,1285.19,,
Day 1474,10.94,,,1280.08,,
Day 1475,11.08,,,1282.46,,
Day 1476,11.04,,,1270.84,,
Day 1477,10.95,,,1264.03,,
Day 1478,11.2,,,1265.02,,
Day 1479,11.19,,,1254.78,,
Day 1480,11.18,,,1265.65,,
Day 1481,11.22,,,1263.78,,
Day 1482,11.49,,,1266.99,,
Day 1483,11.6,,,1262.86,,
Day 1484,11.67,,,1275.53,,
Day 1485,11.67,,,1280,,
Day 1486,11.54,,,1289.38,,
Day 1487,10.62,,,1287.24,,
Day 1488,11.42,,,1283.03,,
Day 1489,11.45,,,1292.67,,
Day 1490,11.55,,,1287.79,,
Day 1491,11.59,,,1289.43,,
Day 1492,11.56,,,1294.12,,
Day 1493,11.46,,,1280.66,,
Day 1494,11.12,,,1291.24,,
Day 1495,11.1,,,1289.14,,
Day 1496,11.17,,,1287.23,,
Day 1497,11.24,,,1278.26,,
Day 1498,11.21,,,1275.88,,
Day 1499,11.36,,,1278.47,,
Day 1500,11.47,,,1272.23,,
Day 1501,11.65,,,1281.42,,
Day 1502,11.76,,,1284.13,,
Day 1503,11.86,,,1297.48,,
Day 1504,11.92,,,1303.02,,
Day 1505,11.78,,,1305.33,,
Day 1506,11.8,,,1307.25,,
Day 1507,11.64,,,1305.08,,
Day 1508,11.72,,,1297.23,,
Day 1509,11.82,,,1305.04,,
Day 1510,11.58,,,1301.67,,
Day 1511,11.26,,,1302.95,,
Day 1512,11.4,,,1301.61,,
Day 1513,11.54,,,1293.23,,
Day 1514,11.59,,,1302.89,,
Day 1515,11.59,,,1300.25,,
Day 1516,11.56,,,1294.87,,
Day 1517,11.59,,,1297.81,,
Day 1518,11.48,,,1305.93,,
Day 1519,11.1,,,1311.56,,
Day 1520,11.26,,,1309.04,,
Day 1521,11.36,,,1295.5,,
Day 1522,11.53,,,1296.62,,
Day 1523,11.45,,,1286.57,,
Day 1524,11.51,,,1288.12,,
Day 1525,11.74,,,1289.12,,
Day 1526,11.75,,,1285.33,,
Day 1527,11.88,,,1307.28,,
Day 1528,11.96,,,1309.93,,
Day 1529,11.72,,,1311.46,,
Day 1530,11.85,,,1311.28,,
Day 1531,11.81,,,1308.11,,
Day 1532,12.19,,,1301.74,,
Day 1533,12.25,,,1305.41,,
Day 1534,12.33,,,1309.72,,
Day 1535,12.31,,,1310.61,,
Day 1536,12.43,,,1305.19,,
Day 1537,12.46,,,1313.21,,
Day 1538,12.45,,,1308.12,,
Day 1539,12.36,,,1312.25,,
Day 1540,12.46,,,1325.76,,
Day 1541,12.61,,,1324.66,,
Day 1542,12.62,,,1325.14,,
Day 1543,12.86,,,1322.85,,
Day 1544,12.81,,,1305.92,,
Day 1545,12.92,,,1291.24,,
Day 1546,12.81,,,1294.5,,
Day 1547,12.96,,,1292.08,,
Day 1548,13.2,,,1270.32,,
Day 1549,13.25,,,1261.81,,
Day 1550,13.28,,,1267.03,,
Day 1551,13.46,,,1262.07,,
Day 1552,13.29,,,1256.58,,
Day 1553,13.42,,,1258.57,,
Day 1554,13.14,,,1272.88,,
Day 1555,13.18,,,1280.16,,
Day 1556,12.99,,,1259.87,,
Day 1557,13.09,,,1270.09,,
Day 1558,12.94,,,1285.71,,
Day 1559,12.75,,,1288.22,,
Day 1560,13.1,,,1265.29,,
Day 1561,13.21,,,1263.85,,
Day 1562,13.18,,,1256.15,,
Day 1563,13.15,,,1257.93,,
Day 1564,13.32,,,1252.3,,
Day 1565,13.09,,,1237.44,,
Day 1566,13.14,,,1223.69,,
Day 1567,12.96,,,1230.04,,
Day 1568,12.84,,,1256.16,,
Day 1569,13.33,,,1251.54,,
Day 1570,12.9,,,1240.13,,
Day 1571,12.86,,,1240.12,,
Day 1572,12.8,,,1252.2,,
Day 1573,12.88,,,1245.6,,
Day 1574,12.96,,,1244.5,,
Day 1575,13.09,,,1250.56,,
Day 1576,13.12,,,1239.2,,
Day 1577,13.11,,,1246,,
Day 1578,13.3,,,1272.87,,
Day 1579,13.43,,,1270.2,,
Day 1580,13.4,,,1280.19,,
Day 1581,13.55,,,1270.91,,
Day 1582,13.41,,,1274.08,,
Day 1583,13.62,,,1265.48,,
Day 1584,13.7,,,1267.34,,
Day 1585,13.67,,,1272.43,,
Day 1586,13.78,,,1258.6,,
Day 1587,13.72,,,1242.28,,
Day 1588,13.8,,,1236.2,,
Day 1589,13.71,,,1234.49,,
Day 1590,13.77,,,1236.86,,
Day 1591,13.75,,,1259.81,,
Day 1592,13.52,,,1249.13,,
Day 1593,13.47,,,1240.29,,
Day 1594,13.76,,,1260.91,,
Day 1595,13.91,,,1268.88,,
Day 1596,13.85,,,1268.4,,
Day 1597,13.99,,,1263.2,,
Day 1598,14.01,,,1278.55,,
Day 1599,14.15,,,1276.66,,
Day 1600,14.08,,,1270.92,,
Day 1601,14.31,,,1277.41,,
Day 1602,14.44,,,1280.27,,
Day 1603,14.42,,,1279.36,,
Day 1604,14.37,,,1275.77,,
Day 1605,14.39,,,1271.48,,
Day 1606,14.32,,,1265.95,,
Day 1607,14.43,,,1271.81,,
Day 1608,14.63,,,1266.74,,
Day 1609,14.72,,,1268.21,,
Day 1610,14.66,,,1285.58,,
Day 1611,14.58,,,1295.43,,
Day 1612,14.74,,,1297.48,,
Day 1613,14.64,,,1302.3,,
Day 1614,14.87,,,1297.52,,
Day 1615,14.83,,,1298.82,,
Day 1616,14.69,,,1292.99,,
Day 1617,14.42,,,1296.06,,
Day 1618,14.35,,,1295.09,,
Day 1619,14.69,,,1301.78,,
Day 1620,14.6,,,1304.28,,
Day 1621,14.77,,,1305.37,,
Day 1622,14.98,,,1303.82,,
Day 1623,15.02,,,1311.01,,
Day 1624,15.04,,,1313.25,,
Day 1625,15.1,,,1300.26,,
Day 1626,14.51,,,1294.02,,
Day 1627,14.73,,,1298.92,,
Day 1628,14.88,,,1299.54,,
Day 1629,14.46,,,1313,,
Day 1630,14.24,,,1318.07,,
Day 1631,14.57,,,1316.28,,
Day 1632,14.92,,,1319.66,,
Day 1633,14.86,,,1321.18,,
Day 1634,15.06,,,1317.64,,
Day 1635,15.04,,,1325.18,,
Day 1636,15.05,,,1318.03,,
Day 1637,14.97,,,1314.78,,
Day 1638,15.1,,,1326.37,,
Day 1639,15.05,,,1336.35,,
Day 1640,14.82,,,1336.59,,
Day 1641,14.81,,,1338.88,,
Day 1642,14.92,,,1335.85,,
Day 1643,15.19,,,1331.32,,
Day 1644,15.34,,,1334.11,,
Day 1645,15.27,,,1350.2,,
Day 1646,15.51,,,1353.22,,
Day 1647,15.43,,,1349.59,,
Day 1648,15.44,,,1350.66,,
Day 1649,15.39,,,1353.42,,
Day 1650,15.42,,,1349.95,,
Day 1651,15.11,,,1362.83,,
Day 1652,15.26,,,1365.62,,
Day 1653,15.19,,,1369.06,,
Day 1654,15.1,,,1364.05,,
Day 1655,14.62,,,1365.8,,
Day 1656,14.6,,,1366.96,,
Day 1657,14.85,,,1368.6,,
Day 1658,14.4,,,1377.02,,
Day 1659,14.44,,,1377.38,,
Day 1660,13.96,,,1382.22,,
Day 1661,13.94,,,1389.08,,
Day 1662,13.53,,,1377.34,,
Day 1663,13.77,,,1377.93,,
Day 1664,13.87,,,1377.94,,
Day 1665,13.82,,,1367.81,,
Day 1666,14.02,,,1367.34,,
Day 1667,14.18,,,1364.3,,
Day 1668,13.92,,,1379.78,,
Day 1669,13.9,,,1382.84,,
Day 1670,13.86,,,1385.72,,
Day 1671,13.86,,,1378.33,,
Day 1672,13.97,,,1380.9,,
Day 1673,14.29,,,1384.42,,
Day 1674,14.29,,,1393.22,,
Day 1675,14.19,,,1396.57,,
Day 1676,13.85,,,1399.76,,
Day 1677,13.99,,,1401.2,,
Day 1678,13.94,,,1400.5,,
Day 1679,14.09,,,1402.81,,
Day 1680,14.25,,,1406.09,,
Day 1681,14.45,,,1400.95,,
Day 1682,14.42,,,1381.96,,
Day 1683,14.3,,,1386.72,,
Day 1684,14.4,,,1399.48,,
Day 1685,14.39,,,1400.63,,
Day 1686,14.39,,,1396.71,,
Day 1687,14.34,,,1409.12,,
Day 1688,14.13,,,1414.76,,
Day 1689,14.12,,,1412.9,,
Day 1690,14.34,,,1407.29,,
Day 1691,14.48,,,1409.84,,
Day 1692,14.55,,,1413.04,,
Day 1693,14.76,,,1411.56,,
Day 1694,14.59,,,1413.21,,
Day 1695,14.74,,,1425.49,,
Day 1696,14.92,,,1427.09,,
Day 1697,14.85,,,1422.48,,
Day 1698,14.92,,,1425.55,,
Day 1699,14.83,,,1423.53,,
Day 1700,15.07,,,1418.3,,
Day 1701,15,,,1410.76,,
Day 1702,15.16,,,1416.9,,
Day 1703,15,,,1426.84,,
Day 1704,14.95,,,1424.73,,
Day 1705,14.89,,,1418.3,,
Day 1706,14.84,,,1416.6,,
Day 1707,14.9,,,1418.34,,
Day 1708,14.88,,,1409.71,,
Day 1709,15.02,,,1412.84,,
Day 1710,14.94,,,1412.11,,
Day 1711,14.81,,,1414.85,,
Day 1712,14.89,,,1423.82,,
Day 1713,15.07,,,1430.73,,
Day 1714,15.35,,,1431.9,,
Day 1715,15.45,,,1430.62,,
Day 1716,15.63,,,1426.37,,
Day 1717,15.64,,,1430.5,,
Day 1718,15.63,,,1422.95,,
Day 1719,15.66,,,1427.99,,
Day 1720,15.83,,,1440.13,,
Day 1721,15.93,,,1423.9,,
Day 1722,15.83,,,1422.18,,
Day 1723,15.89,,,1420.62,,
Day 1724,15.83,,,1428.82,,
Day 1725,16.15,,,1438.24,,
Day 1726,16.12,,,1445.94,,
Day 1727,15.96,,,1448.39,,
Day 1728,16.02,,,1446.99,,
Day 1729,15.85,,,1448,,
Day 1730,15.91,,,1450.02,,
Day 1731,15.87,,,1448.31,,
Day 1732,15.77,,,1438.06,,
Day 1733,15.87,,,1433.37,,
Day 1734,16.08,,,1444.26,,
Day 1735,16.2,,,1455.3,,
Day 1736,16.08,,,1456.81,,
Day 1737,16.16,,,1455.54,,
Day 1738,16.08,,,1459.68,,
Day 1739,15.87,,,1457.63,,
Day 1740,15.8,,,1456.38,,
Day 1741,15.81,,,1451.19,,
Day 1742,15.9,,,1449.37,,
Day 1743,15.81,,,1399.04,,
Day 1744,15.32,,,1406.82,,
Day 1745,15.65,,,1403.17,,
Day 1746,15.67,,,1387.17,,
Day 1747,15.55,,,1374.12,,
Day 1748,15.89,,,1395.41,,
Day 1749,15.92,,,1391.97,,
Day 1750,15.99,,,1401.89,,
Day 1751,15.95,,,1402.84,,
Day 1752,16.01,,,1406.6,,
Day 1753,15.95,,,1377.95,,
Day 1754,16.02,,,1387.17,,
Day 1755,16.29,,,1392.28,,
Day 1756,16.17,,,1386.95,,
Day 1757,16.16,,,1402.06,,
Day 1758,16.11,,,1410.94,,
Day 1759,15.96,,,1435.04,,
Day 1760,15.93,,,1434.54,,
Day 1761,15,,,1436.11,,
Day 1762,15.87,,,1437.5,,
Day 1763,16.03,,,1428.61,,
Day 1764,16.16,,,1417.23,,
Day 1765,16.22,,,1422.53,,
Day 1766,16.14,,,1420.86,,
Day 1767,16.17,,,1424.55,,
Day 1768,15.88,,,1437.77,,
Day 1769,16.13,,,1439.37,,
Day 1770,16.06,,,1443.76,,
Day 1771,16.01,,,1444.61,,
Day 1772,16.04,,,1448.39,,
Day 1773,16.35,,,1438.87,,
Day 1774,16.53,,,1447.8,,
Day 1775,16.68,,,1452.85,,
Day 1776,16.72,,,1468.33,,
Day 1777,16.81,,,1471.48,,
Day 1778,16.87,,,1472.5,,
Day 1779,16.96,,,1470.73,,
Day 1780,16.88,,,1484.35,,
Day 1781,16.85,,,1480.93,,
Day 1782,17.04,,,1480.41,,
Day 1783,17.13,,,1495.42,,
Day 1784,17.11,,,1494.25,,
Day 1785,17.18,,,1494.07,,
Day 1786,17.04,,,1482.37,,
Day 1787,17.09,,,1486.3,,
Day 1788,16.65,,,1495.92,,
Day 1789,16.93,,,1502.39,,
Day 1790,16.94,,,1505.62,,
Day 1791,17.2,,,1509.48,,
Day 1792,17.23,,,1507.72,,
Day 1793,17.17,,,1512.58,,
Day 1794,17.43,,,1491.47,,
Day 1795,17.56,,,1505.85,,
Day 1796,17.43,,,1503.15,,
Day 1797,17.69,,,1501.19,,
Day 1798,17.63,,,1514.14,,
Day 1799,17.43,,,1512.75,,
Day 1800,17.24,,,1522.75,,
Day 1801,17.4,,,1525.1,,
Day 1802,17.64,,,1524.12,,
Day 1803,17.51,,,1522.28,,
Day 1804,17.3,,,1507.51,,
Day 1805,17.13,,,1515.73,,
Day 1806,16.89,,,1518.11,,
Day 1807,17.18,,,1530.23,,
Day 1808,17.09,,,1530.62,,
Day 1809,17.34,,,1536.34,,
Day 1810,17.28,,,1539.18,,
Day 1811,17.14,,,1530.95,,
Day 1812,16.95,,,1517.38,,
Day 1813,17.04,,,1490.72,,
Day 1814,17.01,,,1507.67,,
Day 1815,16.91,,,1509.12,,
Day 1816,16.97,,,1493,,
Day 1817,17.05,,,1515.67,,
Day 1818,17.22,,,1522.97,,
Day 1819,17.14,,,1532.91,,
Day 1820,17.32,,,1531.05,,
Day 1821,17.32,,,1533.7,,
Day 1822,17.29,,,1512.84,,
Day 1823,17.16,,,1522.19,,
Day 1824,17,,,1502.56,,
Day 1825,16.65,,,1497.74,,
Day 1826,16.86,,,1492.89,,
Day 1827,17.03,,,1506.34,,
Day 1828,17.06,,,1505.71,,
Day 1829,16.94,,,1503.35,,
Day 1830,17.01,,,1519.43,,
Day 1831,17.27,,,1524.87,,
Day 1832,17.18,,,1525.4,,
Day 1833,16.93,,,1530.44,,
Day 1834,17.08,,,1531.85,,
Day 1835,17.09,,,,,
Day 1836,17.48,,,,,
Day 1837,17.48,,,,,
Day 1838,17.57,,,,,
Day 1839,17.58,,,,,
Day 1840,17.61,,,,,
Day 1841,17.66,,,,,
Day 1842,17.74,,,,,
Day 1843,17.74,,,,,
Day 1844,17.62,,,,,
Day 1845,17.84,,,,,
Day 1846,17.96,,,,,
Day 1847,17.87,,,,,
Day 1848,17.77,,,,,
Day 1849,17.51,,,,,
Day 1850,17.65,,,,,
Day 1851,17.63,,,,,
Day 1852,17.77,,,,,
Day 1853,17.88,,,,,
Day 1854,18,,,,,
Day 1855,18.13,,,,,
Day 1856,18.15,,,,,
Day 1857,17.86,,,,,
Day 1858,18.07,,,,,
Day 1859,17.99,,,,,
Day 1860,18.17,,,,,
Day 1861,18.32,,,,,
Day 1862,18.1,,,,,
Day 1863,18.15,,,,,
Day 1864,18.12,,,,,
Day 1865,18.22,,,,,
Day 1866,18.37,,,,,
Day 1867,17.97,,,,,
Day 1868,18.07,,,,,
Day 1869,18,,,,,
Day 1870,18.06,,,,,
Day 1871,18.09,,,,,
